Reviewer,Restaurant,label,pred_score,rank_pred
$ign,SKYHY,2.0,0.5977073244877575,1.0
@Vignesh #FoodMad,Owm Nom Nom,2.0,0.690840593704878,1.0
ABD X,Hotel Zara Hi-Fi,0.0,0.6369340419778651,1.0
ABHI07💪,"3B's - Buddies, Bar & Barbecue",3.0,0.6367575235060394,1.0
AJAY KANTH ILLURI,Shah Ghouse Hotel & Restaurant,3.0,0.6983768998383802,1.0
AKASH NEGI,13 Dhaba,3.0,0.6460307190752079,1.0
AKHIL BONDADA,AB's - Absolute Barbecues,3.0,0.5826577687487676,1.0
ANUVA NAG,Royal Spicy Restaurant,3.0,0.6711815936978127,1.0
ASHISH PRIYABRATA JENA,Banana Leaf Multicuisine Restaurant,0.0,0.6983768998383802,1.0
Aabhi Chachu,KS Bakers,3.0,0.6839913594247343,1.0
Aadit Chugh,Amul,0.0,0.6516494316299958,1.0
Aastha Anand,The Indi Grill,3.0,0.5216806894726709,1.0
Abdul Gaffar,Hotel Zara Hi-Fi,3.0,0.6071918853388985,1.0
Abhay Sharma,Beyond Flavours,3.0,0.6983768998383802,1.0
Abhi's Hek Reddy Kolan,Hitech Bawarchi Food Zone,0.0,0.6378660196813397,1.0
Abhijit Aachi,The Fisherman's Wharf,3.0,0.690840593704878,1.0
Abhilash Inumella,Behrouz Biryani,0.0,0.6666594545111075,1.0
Abhinav Sinha,Green Bawarchi Restaurant,0.0,0.5859306827105875,1.0
Abhinaya Talasila,Cascade - Radisson Hyderabad Hitec City,3.0,0.690840593704878,1.0
Abhishek Bhambhu,Dunkin' Donuts,0.0,0.6965232972987823,1.0
Abhishek Jain,Hunger Maggi Point,1.0,0.6332838291676253,1.0
Abhishek Mallick,Arena Eleven,3.0,0.49166893906566317,1.0
Abhishek Pattanaik,Udipi's Upahar,3.0,0.6701156312323673,1.0
Abhishek Sarkar,Zing's Northeast Kitchen,2.0,0.589104634871197,1.0
Abhishek Sharma,Aromas@11SIX,0.0,0.690840593704878,1.0
Abhishek Shrivastava,PourHouse7,3.0,0.6554168480900494,1.0
Abhiteja Ch,Barbeque Nation,3.0,0.6424085476756753,1.0
Achint Tank,Over The Moon Brew Company,0.0,0.6983768998383802,1.0
Adam Jordan,Asian Meal Box,0.0,0.46285978620150536,1.0
Adithya Varun,American Wild Wings,0.0,0.6889869911652801,1.0
Aditya Arthas,T Grill,3.0,0.690840593704878,1.0
Aditya Jhalani,The Tilt Bar Republic,3.0,0.5145321525940754,1.0
Aditya K.s.,Pista House,3.0,0.690840593704878,1.0
Aditya Nanduri,Asian Meal Box,3.0,0.46285978620150536,1.0
Aditya Yellapanthula,PourHouse7,2.0,0.6554168480900494,1.0
Adriza De,Arena Eleven,0.0,0.5265569087787436,1.0
Afreen Sheik,Hyderabadi Daawat,3.0,0.5286165116525315,1.0
Agastyaraju Koushik,Khaan Saab,0.0,0.6711815936978127,1.0
Aishwarya Banerjee,Chinese Pavilion,0.0,0.6495026831732321,1.0
Aishwarya Dhamne,Cafe Eclat,1.0,0.6762952971477463,1.0
Aiswarya Shaji Dev,Shanghai Chef 2,2.0,0.6686295881055473,1.0
Ajay Kumar Y,Collage - Hyatt Hyderabad Gachibowli,1.0,0.6412021244638982,1.0
Ajay Munjal,Chinese Pavilion,3.0,0.6667988252737063,1.0
Ajay Ratho D,T Grill,1.0,0.690840593704878,1.0
Ajayreddy Singireddy,AB's - Absolute Barbecues,3.0,0.5434738277516128,1.0
Akanksha Wazalwar,Labonel,0.0,0.6762952971477463,1.0
Akansha Gupta,The Lal Street - Bar Exchange,3.0,0.4750250049738018,1.0
Akansha Satapathy,Zega - Sheraton Hyderabad Hotel,3.0,0.6762952971477463,1.0
Akarsh Reddy,B-Dubs,3.0,0.6606865661078515,1.0
Akash Gupta,Mohammedia Shawarma,0.0,0.5063599185276095,1.0
Akash Ramteke,Over The Moon Brew Company,3.0,0.6983768998383802,1.0
Akash Roy,Hotel Zara Hi-Fi,0.0,0.619637899877391,1.0
Akhil Sai,Asian Meal Box,0.0,0.46285978620150536,1.0
Akkala Revathi,Domino's Pizza,3.0,0.6243158942735979,1.0
Akshat Jaiswal,Mathura Vilas,0.0,0.5472283233959248,1.0
Akshay Kumar,Yum Yum Tree - The Arabian Food Court,3.0,0.6504843775702374,1.0
Akshay Rao,B-Dubs,3.0,0.6606865661078515,1.0
Akshay Tebriwal,NorFest - The Dhaba,2.0,0.4348338115205263,1.0
Alekhya Chauhan,Hotel Zara Hi-Fi,0.0,0.619637899877391,1.0
Ali Razvi,Faasos,0.0,0.6575521766276967,1.0
Alisha Das,Marsala Food Company,2.0,0.5780318480806781,1.0
Alka Ranjan,Over The Moon Brew Company,3.0,0.6983768998383802,1.0
Alladi Nihar,Kritunga Restaurant,0.0,0.690840593704878,1.0
Alnick Bryan,T Grill,2.0,0.690840593704878,1.0
Aloysious Michael,Momos Delight,3.0,0.6607108711478651,1.0
Aman Katoch,Pot Pourri,3.0,0.6652274355540566,1.0
Aman Tyagi,The Foodie Monster Kitchen,0.0,0.6400594433267548,1.0
Aman Vats,Komatose - Holiday Inn Express & Suites,3.0,0.640614437198749,1.0
Amandeep Singh Parmar,Khaan Saab,3.0,0.6711815936978127,1.0
Amarender Reddy Mamidi,The Lal Street - Bar Exchange,3.0,0.4455682118208973,1.0
Amartha Dutta,Shree Santosh Dhaba Family Restaurant,0.0,0.6400779598411108,1.0
Ambika Remyaa Paramesh Nair,PourHouse7,3.0,0.6554168480900494,1.0
Amisha Sinha,Karachi Bakery,3.0,0.6839913594247343,1.0
Amit Chugh,Prism Club & Kitchen,3.0,0.690840593704878,1.0
Amrita Jaiswal,Mathura Vilas,2.0,0.5472283233959248,1.0
Amrita Phadnis,Feast - Sheraton Hyderabad Hotel,0.0,0.5418229616435666,1.0
Amritorupa Kanjilal,The Chocolate Room,1.0,0.6666594545111075,1.0
Amrutha Baratam,Over The Moon Brew Company,3.0,0.6983768998383802,1.0
Amy_Abhi,Dine O China,3.0,0.6821312476382405,1.0
Amyprof,Cafe Eclat,3.0,0.655598081020171,1.0
Anamika Gupta,Domino's Pizza,0.0,0.6243158942735979,1.0
Anant Kr,Shree Santosh Dhaba Family Restaurant,0.0,0.6400779598411108,1.0
Ananta Ray,Cafe Eclat,0.0,0.6762952971477463,1.0
Ananthulaprudhvidhar,Barbeque Nation,2.0,0.5762130003717065,1.0
Ananya,Udipi's Upahar,3.0,0.6701156312323673,1.0
Andrews Ricky,Prism Club & Kitchen,3.0,0.690840593704878,1.0
Anil Chinna,Shah Ghouse Spl Shawarma,0.0,0.5956987135162898,1.0
Anil Pajjuri,The Tilt Bar Republic,2.0,0.5145321525940754,1.0
Anil Reddy,Mustang Terrace Lounge,3.0,0.690840593704878,1.0
Anil Teru,KS Bakers,2.0,0.6839913594247343,1.0
Anilkumarmudirajs,Being Hungry,3.0,0.6616851218237727,1.0
Anirban De,Urban Asia - Kitchen & Bar,0.0,0.6943852978484143,1.0
Anish,Domino's Pizza,0.0,0.6243158942735979,1.0
Anish Waghray,Cafe Eclat,2.0,0.6762952971477463,1.0
Anisha.thakur02,Behrouz Biryani,0.0,0.6666594545111075,1.0
Anjali Krishna,Hunger Maggi Point,0.0,0.6332838291676253,1.0
Anjar Babu,Paradise,3.0,0.6453215314202085,1.0
Anjulesh.singh.96,Delhi-39,1.0,0.6172269447259258,1.0
Anjum Daniels,Momos Delight,3.0,0.6607108711478651,1.0
Ankan Ghorai,Green Bawarchi Restaurant,2.0,0.5580603101580421,1.0
Ankit Bishnu Dash,Cafe Eclat,3.0,0.655598081020171,1.0
Ankit Goparapu,Prism Club & Kitchen,3.0,0.690840593704878,1.0
Ankit K Maheshwari,The Foodie Monster Kitchen,3.0,0.6400594433267548,1.0
Ankit Shrivastava,Over The Moon Brew Company,3.0,0.6983768998383802,1.0
Ankita Kumari,Barbeque Nation,3.0,0.6424085476756753,1.0
Ankita Shah,Labonel,2.0,0.6762952971477463,1.0
Ankur,13 Dhaba,3.0,0.6460307190752079,1.0
Ankur Sharma,Domino's Pizza,0.0,0.6243158942735979,1.0
Anoop Prakash,Cafe Eclat,2.0,0.6762952971477463,1.0
Anoy Sarkar,Absolute Sizzlers,1.0,0.6775783001449052,1.0
Anshita Arya,Labonel,2.0,0.6762952971477463,1.0
Anudeep Adiraju,La La Land - Bar & Kitchen,0.0,0.6517257760213635,1.0
Anudeep Krovi,GD's,3.0,0.6762952971477463,1.0
Anuj Khandelwal,Deli 9 Bistro,0.0,0.6775783001449052,1.0
Anuj Tandon,Biryanis And More,0.0,0.6408892910060686,1.0
Anuraag715,The Fisherman's Wharf,2.0,0.690840593704878,1.0
Anusha Marpally,Mustang Terrace Lounge,3.0,0.690840593704878,1.0
Anusha Sankar,Cafe Eclat,2.0,0.6762952971477463,1.0
Anvesh Gudivada,Pot Pourri,0.0,0.6652274355540566,1.0
Anwesha Das,Asian Meal Box,1.0,0.46285978620150536,1.0
Aparna Saha,Shanghai Chef 2,3.0,0.6686295881055473,1.0
Apurva Utkarsh,Kritunga Restaurant,0.0,0.690840593704878,1.0
Aravind Ranganathan,Marsala Food Company,2.0,0.5780318480806781,1.0
Aravinda M,Karachi Bakery,3.0,0.6839913594247343,1.0
Archana Sinha,Over The Moon Brew Company,3.0,0.6983768998383802,1.0
Archisman Das,Absolute Sizzlers,3.0,0.6775783001449052,1.0
Arif,Mohammedia Shawarma,0.0,0.5511267628486065,1.0
Arjun Reddy,B-Dubs,3.0,0.6606865661078515,1.0
Arnav Agyeya,"3B's - Buddies, Bar & Barbecue",3.0,0.6081804558098365,1.0
Arpan Jain,Shree Santosh Dhaba Family Restaurant,3.0,0.6273135438671067,1.0
Arpit,Feast - Sheraton Hyderabad Hotel,3.0,0.5277285612747602,1.0
Arpit Bhatia,13 Dhaba,0.0,0.6076790463650809,1.0
Arpit Nigam,Paradise,3.0,0.656432870242823,1.0
Arpita Sarkar,T Grill,0.0,0.690840593704878,1.0
Arshad Aga,Shree Santosh Dhaba Family Restaurant,2.0,0.6400779598411108,1.0
Arun Basani,Aromas@11SIX,1.0,0.690840593704878,1.0
Arun J,GD's,2.0,0.6762952971477463,1.0
Arvapally Omkar,13 Dhaba,2.0,0.6076790463650809,1.0
Arvind Patel,Shah Ghouse Spl Shawarma,0.0,0.5956987135162898,1.0
Asha Dalmia,NorFest - The Dhaba,3.0,0.36965891945087503,1.0
Asha Dutta,eat.fit,0.0,0.6287854877866885,1.0
Asha Nali,Karachi Bakery,1.0,0.6839913594247343,1.0
Ashfaq Ahmed,Hyderabadi Daawat,3.0,0.5546441647938745,1.0
Ashish Bihani,Delhi-39,0.0,0.6172269447259258,1.0
Ashish Minj,Deli 9 Bistro,0.0,0.6775783001449052,1.0
Ashish Prabhakar,Over The Moon Brew Company,3.0,0.6983768998383802,1.0
Ashish Tummalapalli,B-Dubs,3.0,0.6606865661078515,1.0
Ashok Das,Hyper Local,3.0,0.6983768998383802,1.0
Ashok Reddy Hunter,Al Saba Restaurant,0.0,0.6983768998383802,1.0
Ashok Shekhawat,Beyond Flavours,3.0,0.6983768998383802,1.0
Ashutosh Kumar,The Foodie Monster Kitchen,0.0,0.6400594433267548,1.0
Ashwin Ramesh,Yum Yum Tree - The Arabian Food Court,2.0,0.6711815936978127,1.0
Asia Sayed,Feast - Sheraton Hyderabad Hotel,3.0,0.5418229616435666,1.0
Asif Nawaz,Tandoori Food Works,0.0,0.6701156312323673,1.0
Aswathi P,The Chocolate Room,2.0,0.6666594545111075,1.0
Avash Pani,Momos Delight,3.0,0.6607108711478651,1.0
Avinash A Naidu,Prism Club & Kitchen,2.0,0.690840593704878,1.0
Avinash Ganapa,Club Rogue,0.0,0.6711815936978127,1.0
Avinash Sunkara,Being Hungry,0.0,0.6443889797232984,1.0
Awadh,GD's,3.0,0.6762952971477463,1.0
Ayisha Jasmin,Mohammedia Shawarma,0.0,0.5511267628486065,1.0
Ayush Bairagi,13 Dhaba,3.0,0.6460307190752079,1.0
Ayushmaan Kapu,Biryanis And More,1.0,0.6408892910060686,1.0
Azhar Syed,Behrouz Biryani,0.0,0.6666594545111075,1.0
Aznera Ravi,Momos Delight,3.0,0.6607108711478651,1.0
B Pradhan,Chinese Pavilion,2.0,0.6667988252737063,1.0
BDM,Mathura Vilas,2.0,0.5472283233959248,1.0
BE Happiee,Domino's Pizza,0.0,0.6243158942735979,1.0
BHUPINDERPAL SINGH JUDGE,Prism Club & Kitchen,0.0,0.690840593704878,1.0
BIBHU BHUSHAN SINHA,Paradise,3.0,0.656432870242823,1.0
Baishali Ghosh,Olive Garden,2.0,0.690840593704878,1.0
Bala Narsaiah Myakala,Al Saba Restaurant,3.0,0.6983768998383802,1.0
Balakrishna Sathaiah,Karachi Bakery,3.0,0.6839913594247343,1.0
Balram Samal,Diners Pavilion,2.0,0.5800506961727669,1.0
Balu Krishna,Tandoori Food Works,0.0,0.6701156312323673,1.0
Banisree Basu,Zing's Northeast Kitchen,3.0,0.589104634871197,1.0
Bargavikasala,Tempteys,3.0,0.6762952971477463,1.0
Baswaraj Ganji143,Hitech Bawarchi Food Zone,3.0,0.6187577386244729,1.0
Bawneet Narang,Paradise,3.0,0.6453215314202085,1.0
Beda Prakash,Momos Delight,2.0,0.6607108711478651,1.0
Benny Gomes,Collage - Hyatt Hyderabad Gachibowli,2.0,0.6412021244638982,1.0
Benson Benny,Shah Ghouse Spl Shawarma,2.0,0.5956987135162898,1.0
Bhagyasri,Momos Delight,1.0,0.6607108711478651,1.0
Bhairavi Kannan,Green Bawarchi Restaurant,0.0,0.5859306827105875,1.0
Bhameetha Burla,Komatose - Holiday Inn Express & Suites,0.0,0.6517257760213635,1.0
Bharat Jain,Shree Santosh Dhaba Family Restaurant,2.0,0.6400779598411108,1.0
Bharat Yagnala,Khaan Saab,0.0,0.6711815936978127,1.0
Bharath Kishore,Gal Punjab Di,1.0,0.5797236734436331,1.0
Bhargavi Das,Shanghai Chef 2,2.0,0.6686295881055473,1.0
Bhaskar T,Olive Garden,0.0,0.690840593704878,1.0
Bhatnagar Benni Korani,Shah Ghouse Hotel & Restaurant,0.0,0.6983768998383802,1.0
Bhawani,Aromas@11SIX,0.0,0.690840593704878,1.0
Bhupesh Kurrey,Hotel Zara Hi-Fi,1.0,0.619637899877391,1.0
Bhushan Maideo,The Glass Onion,1.0,0.5710775432743023,1.0
Bhuvan Reddy,Flechazo,3.0,0.690840593704878,1.0
Binod Kumar,Hyper Local,3.0,0.6983768998383802,1.0
Bipindharmic Veerlapati,Deli 9 Bistro,3.0,0.6775783001449052,1.0
Biswaranjan Sahu,Royal Spicy Restaurant,3.0,0.6711815936978127,1.0
Blessy Komavarapu,Owm Nom Nom,2.0,0.690840593704878,1.0
Bommisetty Sravana,Owm Nom Nom,1.0,0.690840593704878,1.0
Boora Sravan Kumar,Domino's Pizza,2.0,0.6243158942735979,1.0
Bozy Chabungbam,Cafe Eclat,2.0,0.6762952971477463,1.0
Brotati Haldar,Momos Delight,3.0,0.6607108711478651,1.0
Buchirajesh Yerramneedi,Delhi-39,0.0,0.5760888721559887,1.0
Buddha Sudeep,SKYHY,0.0,0.5977073244877575,1.0
Cafe-holic!,The Old Madras Baking Company,2.0,0.6527655686532544,1.0
Carmel Raju Chowdary,Domino's Pizza,3.0,0.6243158942735979,1.0
Chaitanya Atchuta,Banana Leaf Multicuisine Restaurant,1.0,0.6983768998383802,1.0
Chaitanya Reddy Mettu,AB's - Absolute Barbecues,3.0,0.5826577687487676,1.0
Chakra Varthi,Hitech Bawarchi Food Zone,0.0,0.6378660196813397,1.0
Chakra2508,Asian Meal Box,0.0,0.46285978620150536,1.0
Chalayamma Sanjeev Vegi,Dine O China,3.0,0.6821312476382405,1.0
Chanakya M,Mohammedia Shawarma,2.0,0.5063599185276095,1.0
Chandan Ganguli,Triptify,3.0,0.616410726266881,1.0
Chandra Bhanu Arya,The Indi Grill,3.0,0.5655730679623552,1.0
Chandu Reddy.,Flechazo,3.0,0.690840593704878,1.0
Charlie Burns,Prism Club & Kitchen,0.0,0.690840593704878,1.0
Cheetirala Sruthi,"3B's - Buddies, Bar & Barbecue",3.0,0.6456943665424209,1.0
Chef Gastronaut,Dunkin' Donuts,2.0,0.6965232972987823,1.0
Cherry Bajaj,Tandoori Food Works,2.0,0.6701156312323673,1.0
Chetana Didugu,Labonel,3.0,0.6762952971477463,1.0
Chhavi Agarwal,eat.fit,0.0,0.6287854877866885,1.0
Chhillar.varun,Cascade - Radisson Hyderabad Hitec City,3.0,0.690840593704878,1.0
Chilugurishanthireddy,Tiki Shack,3.0,0.5019102902424162,1.0
Chinna Ramakrishna,Paradise,3.0,0.656432870242823,1.0
Chinnu Chanti,Squeeze @ The Lime,2.0,0.690840593704878,1.0
Chirag Kothari,Pot Pourri,3.0,0.6652274355540566,1.0
Chirag Surana,eat.fit,1.0,0.6287854877866885,1.0
Chittaranjan Mohanta,Delhi-39,0.0,0.6172269447259258,1.0
Chitti,Amul,3.0,0.6516494316299958,1.0
Chukka Sarveswara Rao,AB's - Absolute Barbecues,3.0,0.5826577687487676,1.0
D,Cafe Eclat,2.0,0.6762952971477463,1.0
DASARI NARENDRA,Hyderabad Chefs,0.0,0.658448452574858,1.0
DIVYA DASARI,American Wild Wings,3.0,0.6889869911652801,1.0
Daggu Aishu,AB's - Absolute Barbecues,3.0,0.5826577687487676,1.0
Damoder Volavoju,Hyderabad Chefs,0.0,0.658448452574858,1.0
Dangeti Anuraag,Asian Meal Box,2.0,0.46285978620150536,1.0
Darshan Shah,Hyper Local,2.0,0.6983768998383802,1.0
Dawn Lee De Hitta,Feast - Sheraton Hyderabad Hotel,3.0,0.5418229616435666,1.0
Debashish Ray,The Glass Onion,3.0,0.5567911348776522,1.0
Debasish Choudhury,Kritunga Restaurant,0.0,0.690840593704878,1.0
Debasmita Paul,KFC,3.0,0.6479423943712934,1.0
Debojit Mukherjee,AB's - Absolute Barbecues,0.0,0.5434738277516128,1.0
Deep Gaurab,Khaan Saab,2.0,0.6711815936978127,1.0
Deep Sharma,Desi Bytes,0.0,0.5833745588292916,1.0
Deepak Chadha,Amul,3.0,0.6262295401133451,1.0
Deepak Gavarla,Hyderabad Chefs,3.0,0.658448452574858,1.0
Deepank Joshi,Aromas@11SIX,0.0,0.690840593704878,1.0
Deepayan Roy Chowdhury,Mohammedia Shawarma,0.0,0.5063599185276095,1.0
Depak Jena,The Lal Street - Bar Exchange,3.0,0.4750250049738018,1.0
Dev Mohanty,Arena Eleven,3.0,0.5191174985794289,1.0
Devendra Singh Bhati,Absolute Sizzlers,0.0,0.6775783001449052,1.0
Devesh,Karachi Cafe,2.0,0.6801659455420855,1.0
Dhairya Verma,Collage - Hyatt Hyderabad Gachibowli,0.0,0.6412021244638982,1.0
Dhanoj,KS Bakers,2.0,0.6839913594247343,1.0
Dhanraj A,Al Saba Restaurant,0.0,0.6983768998383802,1.0
Dhanusha.1315,PourHouse7,0.0,0.6554168480900494,1.0
Dharnekiran8,Club Rogue,3.0,0.6148554827394274,1.0
Dheeren,Aromas@11SIX,0.0,0.690840593704878,1.0
Dhiraj Agarwal,Squeeze @ The Lime,3.0,0.6533266829722938,1.0
Dhriti Patnaik,Over The Moon Brew Company,0.0,0.6983768998383802,1.0
Dhruv Bhatt,Shah Ghouse Spl Shawarma,0.0,0.5956987135162898,1.0
Diksha Kose,"3B's - Buddies, Bar & Barbecue",3.0,0.6568057053650351,1.0
Dileep Damisetti,Squeeze @ The Lime,1.0,0.690840593704878,1.0
Dilesh Bibhar,Jonathan's Kitchen - Holiday Inn Express & Suites,3.0,0.6849532727771998,1.0
Dinesh Kumar,Royal Spicy Restaurant,3.0,0.6711815936978127,1.0
Diptiman Purbey,Diners Pavilion,0.0,0.5800506961727669,1.0
Dishang Valotia,Domino's Pizza,3.0,0.6243158942735979,1.0
Divya Gupta,Chinese Pavilion,3.0,0.6667988252737063,1.0
Divya Mani,Paradise,2.0,0.6436764484353297,1.0
Divya Thakur,GD's,3.0,0.6762952971477463,1.0
Divya Vani Aravapalli,Domino's Pizza,3.0,0.6243158942735979,1.0
Divyakant,Beyond Flavours,3.0,0.6983768998383802,1.0
Diwas Dewan,Zega - Sheraton Hyderabad Hotel,3.0,0.6762952971477463,1.0
Donnie Reddy,Tandoori Food Works,3.0,0.6701156312323673,1.0
Dr Foodie,Being Hungry,0.0,0.6443889797232984,1.0
Dr. Mahadev,Prism Club & Kitchen,3.0,0.690840593704878,1.0
Durga Prasad Pradhan,Feast - Sheraton Hyderabad Hotel,3.0,0.5277285612747602,1.0
ENIMIREDDY AVINASH REDDY,Shree Santosh Dhaba Family Restaurant,0.0,0.6400779598411108,1.0
Eat O Bite,The Tilt Bar Republic,3.0,0.505595309557694,1.0
Eat_vth_me,American Wild Wings,3.0,0.6800501481288987,1.0
Eddie Bari,Ulavacharu,2.0,0.6501931340531253,1.0
Eeshwar G,The Chocolate Room,0.0,0.6666594545111075,1.0
Elizabeth Thomas,Over The Moon Brew Company,3.0,0.6983768998383802,1.0
Elusha,Shanghai Chef 2,0.0,0.6686295881055473,1.0
Eswar V,Pista House,0.0,0.690840593704878,1.0
FOODGEEK,Jonathan's Kitchen - Holiday Inn Express & Suites,0.0,0.6849532727771998,1.0
Fashion Shadz,Barbeque Nation,3.0,0.6424085476756753,1.0
Fatima,Behrouz Biryani,0.0,0.6666594545111075,1.0
Finny Chellakumar,Aromas@11SIX,1.0,0.690840593704878,1.0
Firdous,Karachi Bakery,0.0,0.6839913594247343,1.0
Firoz Mittu,Biryanis And More,0.0,0.6408892910060686,1.0
Foodies_Hyderabad,PourHouse7,3.0,0.6554168480900494,1.0
Foodsterduk,Asian Meal Box,2.0,0.46285978620150536,1.0
G V Maruthi Rao,Owm Nom Nom,3.0,0.690840593704878,1.0
GANDHAM B K V GOPI KRISHNA GANDHAM B K V GOPI KRISHNA,Tandoori Food Works,0.0,0.6701156312323673,1.0
Gagan Sethi,Hotel Zara Hi-Fi,0.0,0.619637899877391,1.0
Gamini Naga Bharath,Shree Santosh Dhaba Family Restaurant,3.0,0.6273135438671067,1.0
Ganny V,Labonel,2.0,0.6762952971477463,1.0
Garlicperiperi,Behrouz Biryani,1.0,0.6666594545111075,1.0
Garry Umdor,Being Hungry,1.0,0.6616851218237727,1.0
Gaurav Bhide,Zega - Sheraton Hyderabad Hotel,1.0,0.6762952971477463,1.0
Gaurav Bisht,Green Bawarchi Restaurant,0.0,0.5859306827105875,1.0
Gaurav Kohli,Jonathan's Kitchen - Holiday Inn Express & Suites,3.0,0.6849532727771998,1.0
Gaurav Kumar,Sardarji's Chaats & More,1.0,0.5481023071009943,1.0
Gaurav Pansari,Momos Delight,3.0,0.6607108711478651,1.0
Gaurav Sood,Cascade - Radisson Hyderabad Hitec City,3.0,0.690840593704878,1.0
Gaurav Yadav,The Fisherman's Wharf,3.0,0.690840593704878,1.0
Gayathri Neela,Shanghai Chef 2,3.0,0.6193690788723489,1.0
Ghouse,The Foodie Monster Kitchen,3.0,0.6400594433267548,1.0
Girish Nayak,Cascade - Radisson Hyderabad Hitec City,3.0,0.690840593704878,1.0
Gnana Harish,Biryanis And More,2.0,0.6528548543137658,1.0
Gokkulan Royalcivil,Hunger Maggi Point,3.0,0.6332838291676253,1.0
Gopalkrishna Sunkara,Banana Leaf Multicuisine Restaurant,2.0,0.6983768998383802,1.0
Gopinath Gunturu,The Fisherman's Wharf,2.0,0.690840593704878,1.0
Goud Priya,Asian Meal Box,3.0,0.46285978620150536,1.0
Gourav Gupta,Komatose - Holiday Inn Express & Suites,0.0,0.6517257760213635,1.0
Gourav Parihar,Karachi Bakery,3.0,0.6839913594247343,1.0
Gourmet Keen,NorFest - The Dhaba,2.0,0.41814762673619194,1.0
Goutham Kattoju,Marsala Food Company,3.0,0.5134437738266953,1.0
Gowtham Baratam,Hyderabadi Daawat,0.0,0.5286165116525315,1.0
Gregory Allen,SKYHY,3.0,0.5977073244877575,1.0
Gundakaram Yasaswini,Squeeze @ The Lime,3.0,0.6819037506684967,1.0
Gunjan Sharma,Banana Leaf Multicuisine Restaurant,2.0,0.6983768998383802,1.0
Gupta,Hyper Local,3.0,0.6983768998383802,1.0
Gursharan Singh,Banana Leaf Multicuisine Restaurant,1.0,0.6983768998383802,1.0
Guru Nag,Cascade - Radisson Hyderabad Hitec City,0.0,0.690840593704878,1.0
HARI,Shree Santosh Dhaba Family Restaurant,1.0,0.6400779598411108,1.0
Hari Kishan Kurapati,Dunkin' Donuts,0.0,0.6965232972987823,1.0
Harika,Asian Meal Box,0.0,0.46285978620150536,1.0
Harikrishna Prabhu,The Indi Grill,0.0,0.3324919669632539,1.0
Harikrishna Ramineni,Over The Moon Brew Company,2.0,0.6983768998383802,1.0
Harish Hari,AB's - Absolute Barbecues,3.0,0.5826577687487676,1.0
Harish Kumar,B-Dubs,3.0,0.6606865661078515,1.0
Harish.p1458,Owm Nom Nom,3.0,0.690840593704878,1.0
Harjeev Singh,American Wild Wings,1.0,0.6889869911652801,1.0
Harpreet Singh Sidhu,The Indi Grill,3.0,0.5216806894726709,1.0
Harsh,Yum Yum Tree - The Arabian Food Court,2.0,0.6711815936978127,1.0
Harsh Jhunjhunwala,Driven Cafe,1.0,0.6801659455420855,1.0
Harsh Singh,Diners Pavilion,3.0,0.5800506961727669,1.0
Harshith Batchu,Flechazo,3.0,0.690840593704878,1.0
Harshitha Machiraju,Urban Asia - Kitchen & Bar,1.0,0.6943852978484143,1.0
Hasan Raza,KS Bakers,3.0,0.6839913594247343,1.0
Hasanthi Mula,Cafe Eclat,1.0,0.6762952971477463,1.0
Havish Gadepally,Mazzo - Marriott Executive Apartments,3.0,0.6849532727771998,1.0
Hezy Long,Mazzo - Marriott Executive Apartments,3.0,0.6849532727771998,1.0
Hi Bye,Faasos,3.0,0.6600898052937321,1.0
Himagiri Rao Kuna,Ulavacharu,0.0,0.6501931340531253,1.0
Himakar,SKYHY,3.0,0.5977073244877575,1.0
Himalini Singh,Dine O China,0.0,0.6821312476382405,1.0
Himanshi Jain,The Foodie Monster Kitchen,0.0,0.6400594433267548,1.0
Himanshoosharma,The Chocolate Room,0.0,0.6666594545111075,1.0
Himanshu Singh,Dine O China,0.0,0.6821312476382405,1.0
Hoang,Shah Ghouse Spl Shawarma,3.0,0.6024926419555428,1.0
Honey Prince,Kritunga Restaurant,3.0,0.690840593704878,1.0
Hussainm318,The Foodie Monster Kitchen,3.0,0.6400594433267548,1.0
Hyderabad Food Bowl,Frio Bistro,2.0,0.67493251482928,1.0
Hydex INSARAF,Udipi's Upahar,0.0,0.6701156312323673,1.0
IStay,Jonathan's Kitchen - Holiday Inn Express & Suites,0.0,0.6849532727771998,1.0
Ilyas Shaikh,Green Bawarchi Restaurant,0.0,0.5859306827105875,1.0
Imran Khan,Al Saba Restaurant,1.0,0.6983768998383802,1.0
Imran Shaik,Khaan Saab,3.0,0.6711815936978127,1.0
Indranil Saha,Barbeque Nation,3.0,0.6312972088530608,1.0
Infitree Tech,Cream Stone,3.0,0.501726301717343,1.0
Info,Hyderabadi Daawat,3.0,0.5286165116525315,1.0
Irfan Dar,10 Downing Street,3.0,0.6664652040395251,1.0
Ishani Shah,The Lal Street - Bar Exchange,0.0,0.45631428091101744,1.0
Ishi Dewan,Driven Cafe,2.0,0.6801659455420855,1.0
JYOTHSNA DASI,"3B's - Buddies, Bar & Barbecue",3.0,0.6568057053650351,1.0
Jaai Kotasthane,The Foodie Monster Kitchen,0.0,0.6400594433267548,1.0
Jagan Jrb,Absolute Sizzlers,0.0,0.6775783001449052,1.0
Jahangeer Kallangunta,American Wild Wings,3.0,0.6889869911652801,1.0
Jai Gowttham,Behrouz Biryani,3.0,0.6630576315805622,1.0
Jai Sri Ram,Absolute Sizzlers,3.0,0.6775783001449052,1.0
Jaideep Reddy,"3B's - Buddies, Bar & Barbecue",3.0,0.6568057053650351,1.0
Jamal Khan,Green Bawarchi Restaurant,0.0,0.5859306827105875,1.0
Jamini Mohan Gogoi,Shah Ghouse Spl Shawarma,3.0,0.6024926419555428,1.0
Jawa08014,eat.fit,1.0,0.6287854877866885,1.0
Jawahar Jyoti Goswami,Yum Yum Tree - The Arabian Food Court,3.0,0.6504843775702374,1.0
Jayadeep Devadas,Udipi's Upahar,0.0,0.6701156312323673,1.0
Jayanth,Royal Spicy Restaurant,0.0,0.6711815936978127,1.0
Jayaprakash Reddy,10 Downing Street,2.0,0.6664652040395251,1.0
Jeen Kaipeng,Dine O China,3.0,0.6821312476382405,1.0
Jeevith Reddy,Beyond Flavours,2.0,0.6983768998383802,1.0
Jessu Dileep,Over The Moon Brew Company,3.0,0.6983768998383802,1.0
Jhansi Kodali Jhanu,Paradise,2.0,0.6436764484353297,1.0
Jitesh Daga,Komatose - Holiday Inn Express & Suites,2.0,0.6517257760213635,1.0
Jithin Meruga,La La Land - Bar & Kitchen,1.0,0.6517257760213635,1.0
Joe Mathew,Yum Yum Tree - The Arabian Food Court,2.0,0.6711815936978127,1.0
John Cena @123,Mohammedia Shawarma,3.0,0.6004833857709395,1.0
Jolly Belly,Collage - Hyatt Hyderabad Gachibowli,3.0,0.6412021244638982,1.0
Jon Snow,Hitech Bawarchi Food Zone,0.0,0.6378660196813397,1.0
Journeywithfoodiess,PourHouse7,3.0,0.6554168480900494,1.0
Joy Prabhakar,Tandoori Food Works,3.0,0.6701156312323673,1.0
Jugnu Kumar,Shree Santosh Dhaba Family Restaurant,3.0,0.6273135438671067,1.0
Junaid Ali,Amul,0.0,0.6516494316299958,1.0
Jyothi Boyi,B-Dubs,3.0,0.6606865661078515,1.0
K Gourav,Eat India Company,0.0,0.6339551941547628,1.0
Kailash Sain,Beyond Flavours,3.0,0.6983768998383802,1.0
Kakani Raghavendarrao,T Grill,1.0,0.690840593704878,1.0
Kalyanachakravarthy Chiruvella,KFC,2.0,0.6515442173018388,1.0
Kalyankumarreddy6,Squeeze @ The Lime,2.0,0.690840593704878,1.0
Kamal Singh Thakur,10 Downing Street,3.0,0.6664652040395251,1.0
Kameswararao Dv,Ulavacharu,0.0,0.6501931340531253,1.0
Kanakesh,Hitech Bawarchi Food Zone,3.0,0.6187577386244729,1.0
Kanchala Manikanta,Karachi Bakery,0.0,0.6839913594247343,1.0
Kanika Rastogi,Labonel,3.0,0.6762952971477463,1.0
Kannan Piedy,Shanghai Chef 2,2.0,0.6686295881055473,1.0
Kapil Mangtani,Driven Cafe,0.0,0.6801659455420855,1.0
Kapil Ponnam,Aromas@11SIX,2.0,0.690840593704878,1.0
Karthi Hari,Domino's Pizza,0.0,0.6243158942735979,1.0
Karthik Goud Palnati,B-Dubs,3.0,0.6606865661078515,1.0
Karthik Yamsani,Mazzo - Marriott Executive Apartments,3.0,0.6849532727771998,1.0
Kartik Balachandran,Dine O China,3.0,0.6821312476382405,1.0
Karusala Sharvani,Hitech Bawarchi Food Zone,0.0,0.6378660196813397,1.0
Kashish Israni,The Chocolate Room,3.0,0.6630576315805622,1.0
Kashyap Tadikonda,SKYHY,3.0,0.5977073244877575,1.0
Katy,Ulavacharu,0.0,0.6501931340531253,1.0
Kaushal Dahal,Diners Pavilion,3.0,0.5800506961727669,1.0
Kaushik,Shree Santosh Dhaba Family Restaurant,0.0,0.6400779598411108,1.0
Kawaljeet Singh,Gal Punjab Di,3.0,0.5133343738518946,1.0
Kazal Thapa,Hotel Zara Hi-Fi,0.0,0.619637899877391,1.0
Keerthi P,Karachi Bakery,0.0,0.6839913594247343,1.0
Keerthi Srinivas,Shree Santosh Dhaba Family Restaurant,0.0,0.6400779598411108,1.0
Keshav Bansal,Desi Bytes,0.0,0.6006707009297656,1.0
Keshav Kumar Kabra,The Old Madras Baking Company,0.0,0.6527655686532544,1.0
Khaja,Aromas@11SIX,0.0,0.690840593704878,1.0
Khana With NA,Sardarji's Chaats & More,2.0,0.5481023071009943,1.0
Khushboo Gokulgandhi,Eat India Company,0.0,0.6339551941547628,1.0
Khushi Singh,Eat India Company,2.0,0.6228438553321483,1.0
Kimisha.mandhan5,The Old Madras Baking Company,0.0,0.6527655686532544,1.0
King K,Royal Spicy Restaurant,3.0,0.6711815936978127,1.0
King King,Owm Nom Nom,3.0,0.690840593704878,1.0
Kiran Kumar Lc,Flechazo,3.0,0.6533266829722938,1.0
Kiran S,Zing's Northeast Kitchen,3.0,0.589104634871197,1.0
Kiranmayikolamuri,American Wild Wings,3.0,0.6889869911652801,1.0
Kiriti,B-Dubs,3.0,0.6606865661078515,1.0
Kiron Kshetrapal,Beyond Flavours,3.0,0.6983768998383802,1.0
Kishor (Kannu),Zega - Sheraton Hyderabad Hotel,3.0,0.6762952971477463,1.0
Kishore Ganigapeta,Squeeze @ The Lime,3.0,0.690840593704878,1.0
Kishore Karumanchi,Shah Ghouse Hotel & Restaurant,0.0,0.6983768998383802,1.0
Kishore Kumar Chitikesu,Diners Pavilion,3.0,0.5800506961727669,1.0
Kishore Reddy,Zega - Sheraton Hyderabad Hotel,3.0,0.6762952971477463,1.0
Kittu,Dunkin' Donuts,3.0,0.6965232972987823,1.0
Klakshmi Santhoshi,Cream Stone,3.0,0.501726301717343,1.0
Kolluri Rajendra Prasad,Hotel Zara Hi-Fi,0.0,0.619637899877391,1.0
Kopal TRIVEDI,10 Downing Street,1.0,0.6664652040395251,1.0
Korapati Abhishikth,Behrouz Biryani,0.0,0.6666594545111075,1.0
Koushal Koshik,Hyper Local,3.0,0.6983768998383802,1.0
Kranthi,Paradise,3.0,0.656432870242823,1.0
Krishna Bhavanasi,Over The Moon Brew Company,3.0,0.6983768998383802,1.0
Krishna Mandovara,Aromas@11SIX,1.0,0.690840593704878,1.0
Krishna Pavan,Driven Cafe,3.0,0.6801659455420855,1.0
Krishna Raman,KFC,0.0,0.6515442173018388,1.0
Krishna Sonti,Owm Nom Nom,3.0,0.690840593704878,1.0
Krishnaveni Thanniru,Aromas@11SIX,3.0,0.690840593704878,1.0
Kritee Parmar,Pakwaan Grand,0.0,0.6088920713098234,1.0
Kshitiz Sanghi,Karachi Bakery,0.0,0.6839913594247343,1.0
Kuldeep Garg,Triptify,2.0,0.5780590535567539,1.0
Kulsoom Najaf,Labonel,0.0,0.6762952971477463,1.0
Kumar Gaurav,Momos Delight,0.0,0.6607108711478651,1.0
Kunal Mahendru,Delhi-39,1.0,0.5760888721559887,1.0
Kunika Valecha,Squeeze @ The Lime,0.0,0.690840593704878,1.0
Kunj Mishra,Beyond Flavours,3.0,0.6983768998383802,1.0
Kurra Tanuja,Biryanis And More,3.0,0.6528548543137658,1.0
Kvsnikhil1234,The Chocolate Room,0.0,0.6666594545111075,1.0
Lalit Pathak,Komatose - Holiday Inn Express & Suites,1.0,0.6517257760213635,1.0
Lamha,Cream Stone,2.0,0.501726301717343,1.0
Laxminarayana Amuraji,Desi Bytes,3.0,0.48819915239017964,1.0
Little Chef Chika,Beyond Flavours,3.0,0.6983768998383802,1.0
Lokendra,Triptify,0.0,0.5780590535567539,1.0
Lokesh Gudapati,Biryanis And More,3.0,0.6528548543137658,1.0
Lokesh Jain,Urban Asia - Kitchen & Bar,1.0,0.6943852978484143,1.0
Lovely Deepu,Arena Eleven,3.0,0.4955773287699757,1.0
M B,The Lal Street - Bar Exchange,2.0,0.49144556201209566,1.0
M Jayanand,13 Dhaba,0.0,0.6076790463650809,1.0
MANISH GUDIMALLA,"3B's - Buddies, Bar & Barbecue",3.0,0.6456943665424209,1.0
MD Zubair AD,GD's,1.0,0.6762952971477463,1.0
MOHAMMED ABDUL RASHED,KFC,3.0,0.6479423943712934,1.0
Mad Foodie,Chinese Pavilion,2.0,0.6667988252737063,1.0
Mad Max,GD's,3.0,0.6762952971477463,1.0
Madhanpr,Karachi Cafe,0.0,0.6801659455420855,1.0
Madhavi Kanikicharla,Aromas@11SIX,3.0,0.690840593704878,1.0
Madhavi Parnam,Udipi's Upahar,3.0,0.6701156312323673,1.0
Madhuri Puramsetti,NorFest - The Dhaba,3.0,0.16283990179907148,1.0
Mahender Asampalli,Mohammedia Shawarma,0.0,0.5063599185276095,1.0
Mahesh Kd,Al Saba Restaurant,1.0,0.6983768998383802,1.0
Maheshreddy Bommana,Shah Ghouse Hotel & Restaurant,1.0,0.6983768998383802,1.0
Mahima Sarin,Over The Moon Brew Company,3.0,0.6983768998383802,1.0
Malar Madhav Rao,Domino's Pizza,0.0,0.6243158942735979,1.0
Malleshwari Seelam,Beyond Flavours,2.0,0.6983768998383802,1.0
Mallika Sen-Ali,13 Dhaba,0.0,0.5289608513344577,1.0
ManInGreen,Mustang Terrace Lounge,2.0,0.690840593704878,1.0
Manas Dasari,Driven Cafe,2.0,0.6801659455420855,1.0
Manas Ranjan Sahu,Olive Garden,3.0,0.690840593704878,1.0
Maneendar,La La Land - Bar & Kitchen,0.0,0.6517257760213635,1.0
Mani Prajwal Katta,Owm Nom Nom,1.0,0.690840593704878,1.0
Mani Reddy,AB's - Absolute Barbecues,3.0,0.5826577687487676,1.0
Manideep,Pot Pourri,3.0,0.6652274355540566,1.0
Manideep M,eat.fit,0.0,0.6287854877866885,1.0
Manish Garg,Mathura Vilas,0.0,0.5472283233959248,1.0
Manish Goenka,Over The Moon Brew Company,0.0,0.690840593704878,1.0
Manish Kumar,Owm Nom Nom,3.0,0.690840593704878,1.0
Manish Mehta,Shah Ghouse Spl Shawarma,2.0,0.5956987135162898,1.0
Manish Reddy,Beyond Flavours,2.0,0.6983768998383802,1.0
Manisha Sharma,KFC,0.0,0.6515442173018388,1.0
Manju Verma,Feast - Sheraton Hyderabad Hotel,0.0,0.5277285612747602,1.0
Manoj Nair,Momos Delight,2.0,0.6607108711478651,1.0
Manoj Yadav,Green Bawarchi Restaurant,3.0,0.5580603101580421,1.0
Manorama Rao,Gal Punjab Di,1.0,0.5797236734436331,1.0
Manthan Solanki,Tiki Shack,2.0,0.47837012043296295,1.0
Mantri,Udipi's Upahar,3.0,0.6701156312323673,1.0
Manu S Kurup,The Chocolate Room,0.0,0.6666594545111075,1.0
Marta Nanda,Shanghai Chef 2,0.0,0.6686295881055473,1.0
Maruthi,Hyderabad Chefs,3.0,0.658448452574858,1.0
Matta Saikumar,KS Bakers,3.0,0.6839913594247343,1.0
Mayank Kalra,Behrouz Biryani,0.0,0.6666594545111075,1.0
Mayank Raj,Labonel,2.0,0.6762952971477463,1.0
Mayur Chawla,SKYHY,0.0,0.5977073244877575,1.0
Mazhar Ahmed,The Tilt Bar Republic,3.0,0.5145321525940754,1.0
Md Mudasser,The Fisherman's Wharf,0.0,0.690840593704878,1.0
Meenakshi Mehra,Collage - Hyatt Hyderabad Gachibowli,0.0,0.6412021244638982,1.0
Meenu Garg,Frio Bistro,0.0,0.67493251482928,1.0
Megh Lakku,Ulavacharu,1.0,0.6501931340531253,1.0
Megha Jain,Jonathan's Kitchen - Holiday Inn Express & Suites,0.0,0.6849532727771998,1.0
Mehak Oberoi,Tiki Shack,3.0,0.47446173072865044,1.0
Meher Chaitanya,T Grill,2.0,0.690840593704878,1.0
Milan Malkiya,Paradise,3.0,0.6453215314202085,1.0
Mishti S,13 Dhaba,0.0,0.6076790463650809,1.0
Mit Shah,Pot Pourri,2.0,0.6652274355540566,1.0
Mitesh Agarwal,La La Land - Bar & Kitchen,2.0,0.6517257760213635,1.0
Mithun Abe Mohan,Behrouz Biryani,0.0,0.6666594545111075,1.0
Mohammad Ali,Labonel,3.0,0.6762952971477463,1.0
Mohammad Gulamqadar,Mohammedia Shawarma,0.0,0.5063599185276095,1.0
Mohammed Abdul Qader,Pista House,3.0,0.690840593704878,1.0
Mohan Krishna Somasani,Khaan Saab,2.0,0.6711815936978127,1.0
Mohd Ahmed,Mohammedia Shawarma,0.0,0.5063599185276095,1.0
Mohd Zubair Ali (Hyderabad.Food.Diaries),Hyderabadi Daawat,2.0,0.5546441647938745,1.0
Mohit Joshi,Aromas@11SIX,0.0,0.690840593704878,1.0
Mohit Munikuntla,SKYHY,2.0,0.5977073244877575,1.0
Monideepa Chakraborty,Frio Bistro,2.0,0.6374186040966958,1.0
Monika Chunchu,Olive Garden,3.0,0.690840593704878,1.0
Monika Yenduri,Being Hungry,0.0,0.6443889797232984,1.0
Mouli,Kritunga Restaurant,3.0,0.690840593704878,1.0
Moumita Panda,Barbeque Nation,3.0,0.6424085476756753,1.0
Msrinuhyd,KS Bakers,0.0,0.6839913594247343,1.0
Mthirupathi Thiru,Kritunga Restaurant,1.0,0.690840593704878,1.0
Mugdha,Hyper Local,2.0,0.6983768998383802,1.0
Muhammad Shoeb Ayubi,Labonel,0.0,0.6762952971477463,1.0
Mujeeb M,Chinese Pavilion,2.0,0.6667988252737063,1.0
Mujjuiz1,Chinese Pavilion,2.0,0.6667988252737063,1.0
Mukund Gandlur,"3B's - Buddies, Bar & Barbecue",3.0,0.6568057053650351,1.0
Muneeb Ul Haq,Hyderabadi Daawat,3.0,0.5546441647938745,1.0
Muralidhar Rao,AB's - Absolute Barbecues,3.0,0.5434738277516128,1.0
Murari Setty Gnana Vinay,Mathura Vilas,0.0,0.5472283233959248,1.0
Murli Aadepu,Paradise,3.0,0.656432870242823,1.0
Murthy VVVSN Karaka,Shree Santosh Dhaba Family Restaurant,0.0,0.6400779598411108,1.0
NANI,The Foodie Monster Kitchen,3.0,0.6400594433267548,1.0
NIHAL VK,SKYHY,0.0,0.5977073244877575,1.0
Nachiketnh,Zing's Northeast Kitchen,0.0,0.589104634871197,1.0
Nadeem Hussain Shaikh,Cream Stone,0.0,0.5271461932339937,1.0
Nadeem Shaikh,Al Saba Restaurant,1.0,0.6983768998383802,1.0
Nag Raj,Prism Club & Kitchen,3.0,0.690840593704878,1.0
Nagadurgasai,KS Bakers,3.0,0.6839913594247343,1.0
Nagaraj Kumar Tolapi,Hotel Zara Hi-Fi,0.0,0.619637899877391,1.0
Nagarjuna,Owm Nom Nom,3.0,0.690840593704878,1.0
Nagarjunareddy G,American Wild Wings,3.0,0.6889869911652801,1.0
Nagendra Jagadatla,Hitech Bawarchi Food Zone,3.0,0.6187577386244729,1.0
Najeem Khan,Mohammedia Shawarma,3.0,0.6004833857709395,1.0
Nalinikanta Tripathy,Green Bawarchi Restaurant,3.0,0.5580603101580421,1.0
Nallaballe Suresh,Kritunga Restaurant,3.0,0.690840593704878,1.0
Nallanagulakavya,Delhi-39,1.0,0.6172269447259258,1.0
Namballa Gopi,Olive Garden,3.0,0.690840593704878,1.0
Nandini Banerjee,Dine O China,2.0,0.6821312476382405,1.0
Nani MallikArjun,Owm Nom Nom,3.0,0.690840593704878,1.0
Narender Chand,Mustang Terrace Lounge,3.0,0.690840593704878,1.0
Narendra Talakokkula,Pot Pourri,0.0,0.6652274355540566,1.0
Narendranath Reddy,Faasos,0.0,0.6575521766276967,1.0
Naresh Adabala,Arena Eleven,3.0,0.49166893906566317,1.0
Naresh Puvvada,Cascade - Radisson Hyderabad Hitec City,2.0,0.690840593704878,1.0
Narsa,Amul,3.0,0.6516494316299958,1.0
Naveen Jain,NorFest - The Dhaba,3.0,0.3202328598325521,1.0
Naveen Joshi,Shah Ghouse Spl Shawarma,3.0,0.6024926419555428,1.0
Naveen Karuturi Chowdary,KS Bakers,3.0,0.6839913594247343,1.0
Naveen Rai,Squeeze @ The Lime,3.0,0.690840593704878,1.0
Naveen Soni,Olive Garden,2.0,0.690840593704878,1.0
Naveen T,Shah Ghouse Spl Shawarma,0.0,0.5956987135162898,1.0
Naveen Yavvari,Behrouz Biryani,0.0,0.6666594545111075,1.0
Naveena Sombhatla,Sardarji's Chaats & More,0.0,0.5481023071009943,1.0
Navin Bobby,Khaan Saab,0.0,0.6711815936978127,1.0
Navrati Kapoor,The Old Madras Baking Company,2.0,0.6527655686532544,1.0
Navyasri Reddy,Flechazo,3.0,0.690840593704878,1.0
Nawaz Mohamed,Shah Ghouse Hotel & Restaurant,3.0,0.6983768998383802,1.0
Neal Kesharia,Arena Eleven,3.0,0.5191174985794289,1.0
Nebula,The Lal Street - Bar Exchange,0.0,0.48104871416317624,1.0
Neehar,Hotel Zara Hi-Fi,0.0,0.619637899877391,1.0
Neelesh Agrawal,GD's,1.0,0.6762952971477463,1.0
Neeraj Sethi,Tandoori Food Works,2.0,0.6701156312323673,1.0
Neetika Bansal,Amul,3.0,0.6516494316299958,1.0
Neha Choudhary,Club Rogue,0.0,0.6711815936978127,1.0
Neha Dhawan,Dine O China,1.0,0.6328707384050422,1.0
Neha Suman,La La Land - Bar & Kitchen,0.0,0.6517257760213635,1.0
Nehal Bhatt,Over The Moon Brew Company,3.0,0.6983768998383802,1.0
Nevia Singhal,Udipi's Upahar,2.0,0.6701156312323673,1.0
Nidhin Jacob,AB's - Absolute Barbecues,3.0,0.5737209257123863,1.0
Nikhil Agarwal,PourHouse7,0.0,0.6554168480900494,1.0
Nikhil Chauhan,Urban Asia - Kitchen & Bar,1.0,0.6943852978484143,1.0
Nikhil Choudary,The Indi Grill,3.0,0.5655730679623552,1.0
Nikhil Shah,Triptify,0.0,0.5780590535567539,1.0
Nikita.ved,Behrouz Biryani,0.0,0.6666594545111075,1.0
Nimmy Gill,Mustang Terrace Lounge,0.0,0.690840593704878,1.0
Nirjhar Sarkar,Mazzo - Marriott Executive Apartments,3.0,0.6849532727771998,1.0
Nisarga Dutta,Tiki Shack,2.0,0.5019102902424162,1.0
Nisha Mohan,Hitech Bawarchi Food Zone,1.0,0.6378660196813397,1.0
Nishant Anand,Desi Bytes,3.0,0.5060751723589675,1.0
Nishant Srivastava,Deli 9 Bistro,3.0,0.6775783001449052,1.0
Nishanth Bhan,B-Dubs,3.0,0.6606865661078515,1.0
Nishit Vakharia,Squeeze @ The Lime,3.0,0.690840593704878,1.0
Nishith Vyas,Prism Club & Kitchen,3.0,0.690840593704878,1.0
Nishu,Driven Cafe,1.0,0.6801659455420855,1.0
Nitesh Singh,Pakwaan Grand,0.0,0.6088920713098234,1.0
Nithya@19,Zega - Sheraton Hyderabad Hotel,3.0,0.6762952971477463,1.0
Njsantosh22,Being Hungry,0.0,0.6443889797232984,1.0
Noyela,Momos Delight,3.0,0.6607108711478651,1.0
Nrusimha Akundy,B-Dubs,3.0,0.6606865661078515,1.0
Nss Rohit,Ulavacharu,0.0,0.6501931340531253,1.0
Olaalkayal777,Feast - Sheraton Hyderabad Hotel,3.0,0.5418229616435666,1.0
Om Kesarwani,Hotel Zara Hi-Fi,0.0,0.619637899877391,1.0
Omer,Hyderabadi Daawat,3.0,0.5546441647938745,1.0
Omer Khan,Dine O China,3.0,0.6328707384050422,1.0
PRATIK KALE,Flechazo,3.0,0.690840593704878,1.0
Palak Kashyap,Karachi Cafe,3.0,0.6801659455420855,1.0
Pallavi Proddatoor,Kritunga Restaurant,3.0,0.690840593704878,1.0
Pankanti Gourav,Khaan Saab,3.0,0.6711815936978127,1.0
"Patta, Vishal Kumar",Dunkin' Donuts,1.0,0.6965232972987823,1.0
Pavan Buduguppa,Absolute Sizzlers,0.0,0.6775783001449052,1.0
Pavan Kaligotla,American Wild Wings,3.0,0.6889869911652801,1.0
Pavan Madhini,The Old Madras Baking Company,3.0,0.6527655686532544,1.0
Pavan Pattapu,Udipi's Upahar,1.0,0.6701156312323673,1.0
Pavan Srinivas,GD's,1.0,0.6762952971477463,1.0
Pavankumar,Olive Garden,3.0,0.690840593704878,1.0
Pavitra Mutyala,Al Saba Restaurant,2.0,0.6983768998383802,1.0
Pawan Jaiswal,Hunger Maggi Point,0.0,0.6332838291676253,1.0
Pawan Lakhotia,Dine O China,0.0,0.6821312476382405,1.0
Pawankumar Kumar,Hyper Local,3.0,0.6983768998383802,1.0
Peddi Akhila,Urban Asia - Kitchen & Bar,0.0,0.6943852978484143,1.0
Pendam Vinod,Pakwaan Grand,0.0,0.6088920713098234,1.0
Phani Krishna,The Chocolate Room,0.0,0.6666594545111075,1.0
Piyali Ghosh,Zing's Northeast Kitchen,3.0,0.589104634871197,1.0
Piyush Bajaj,Labonel,3.0,0.6762952971477463,1.0
Piyush Pathak,Triptify,3.0,0.5376925312362578,1.0
Pongsi Hangsing,Club Rogue,0.0,0.6711815936978127,1.0
Poojarao,Delhi-39,3.0,0.5703893948899292,1.0
Prabhat Dhulipudi,GD's,3.0,0.6762952971477463,1.0
Prabhat Ray,Hunger Maggi Point,0.0,0.6332838291676253,1.0
Prabhjit Thind,GD's,0.0,0.6762952971477463,1.0
Pradeep Panigrahi,Collage - Hyatt Hyderabad Gachibowli,0.0,0.6412021244638982,1.0
Pragna,The Chocolate Room,0.0,0.6666594545111075,1.0
Pragnya Priyadarshni Pati,The Chocolate Room,1.0,0.6666594545111075,1.0
Pragya Sarda,Beyond Flavours,1.0,0.6983768998383802,1.0
Prakash Behera,Udipi's Upahar,2.0,0.6701156312323673,1.0
Prakash Gudipati,SKYHY,0.0,0.5977073244877575,1.0
Prakhar Megotia,KFC,0.0,0.6515442173018388,1.0
Pramod,Flechazo,3.0,0.690840593704878,1.0
Pramod Singh,Mustang Terrace Lounge,3.0,0.690840593704878,1.0
Pramodh Palukuri,Mohammedia Shawarma,0.0,0.5063599185276095,1.0
Pranati,The Indi Grill,3.0,0.5216806894726709,1.0
Pranay,Owm Nom Nom,3.0,0.690840593704878,1.0
Prane ETh,Owm Nom Nom,3.0,0.690840593704878,1.0
Prasad Dasari,Al Saba Restaurant,0.0,0.6983768998383802,1.0
Prasad Patil,Triptify,3.0,0.616410726266881,1.0
Prasant Kumar,Pot Pourri,3.0,0.6451792536950609,1.0
Prasanthi,KFC,0.0,0.6515442173018388,1.0
Prashant Agrawal,Jonathan's Kitchen - Holiday Inn Express & Suites,2.0,0.6849532727771998,1.0
Prashant Dasvant,Tandoori Food Works,0.0,0.6701156312323673,1.0
Prashant Sharma,Mazzo - Marriott Executive Apartments,2.0,0.6849532727771998,1.0
Prashanth Ch,Club Rogue,2.0,0.6711815936978127,1.0
Prashanth Tinku,Labonel,2.0,0.6762952971477463,1.0
Pratik,Momos Delight,2.0,0.6607108711478651,1.0
Pratiksha Priyadarshini,The Old Madras Baking Company,3.0,0.6527655686532544,1.0
Pratyusha972,Flechazo,3.0,0.690840593704878,1.0
Pravallika Loya,Marsala Food Company,3.0,0.49949281777944116,1.0
Praveen Kumar Pappu,Collage - Hyatt Hyderabad Gachibowli,0.0,0.6412021244638982,1.0
Praveen Kumar Reddy Naga,Royal Spicy Restaurant,3.0,0.6711815936978127,1.0
Praveen Pusa,Chinese Pavilion,2.0,0.6667988252737063,1.0
Praveen Puvvada,Delhi-39,1.0,0.5760888721559887,1.0
Preetam Srikar,The Foodie Monster Kitchen,0.0,0.6400594433267548,1.0
Preethikumaresan Kumaran,Faasos,0.0,0.6575521766276967,1.0
Prem,Tandoori Food Works,0.0,0.6701156312323673,1.0
Pritam Pal,Desi Bytes,1.0,0.6006707009297656,1.0
Prithvi Kudupudi,Hyderabadi Daawat,3.0,0.5286165116525315,1.0
Priya Dasoju,Shah Ghouse Hotel & Restaurant,1.0,0.6983768998383802,1.0
Priya Nagwani,Olive Garden,3.0,0.690840593704878,1.0
Priya Shrivastav,Behrouz Biryani,2.0,0.6666594545111075,1.0
Priya ప్రియా,Cream Stone,0.0,0.5271461932339937,1.0
Priyal Savsani,Domino's Pizza,3.0,0.6243158942735979,1.0
Priyank Sharma,eat.fit,2.0,0.6287854877866885,1.0
Priyanka Bariki,Gal Punjab Di,2.0,0.5797236734436331,1.0
Priyanka Boppana,Owm Nom Nom,0.0,0.690840593704878,1.0
Priyanka Kumari,Gal Punjab Di,0.0,0.5797236734436331,1.0
Priyanka Mantri,13 Dhaba,3.0,0.6460307190752079,1.0
Priyanka Nair,Zing's Northeast Kitchen,2.0,0.589104634871197,1.0
Priyanka Patra,Mazzo - Marriott Executive Apartments,1.0,0.6849532727771998,1.0
Priyanka Reddy,Tempteys,3.0,0.6762952971477463,1.0
PruThvI,Driven Cafe,1.0,0.6801659455420855,1.0
Pruthvi Raj,Frio Bistro,2.0,0.67493251482928,1.0
Pulak Kanungo,Khaan Saab,3.0,0.6385199135877743,1.0
Puneet Srivastava,Desi Bytes,0.0,0.5833745588292916,1.0
Punyaslok Chaudhury,The Old Madras Baking Company,2.0,0.6527655686532544,1.0
Purna Chandra,Pot Pourri,0.0,0.6652274355540566,1.0
Purnachandra Rao,Flechazo,3.0,0.690840593704878,1.0
Purnima Powell,Barbeque Nation,2.0,0.5561648185127108,1.0
Pv Karthik,Mohammedia Shawarma,0.0,0.5063599185276095,1.0
Pvgollapudi,KFC,2.0,0.6515442173018388,1.0
Queen_of_feast,PourHouse7,3.0,0.6554168480900494,1.0
R0HIT,Pakwaan Grand,0.0,0.6088920713098234,1.0
RAJENDRA PRASAD,Banana Leaf Multicuisine Restaurant,2.0,0.6983768998383802,1.0
RAMYA KOLLA,Cascade - Radisson Hyderabad Hitec City,3.0,0.6819037506684967,1.0
RASHMI SINGH,Olive Garden,2.0,0.690840593704878,1.0
RINKU GOEL,Tiki Shack,0.0,0.47837012043296295,1.0
Rachana,Shah Ghouse Hotel & Restaurant,2.0,0.6983768998383802,1.0
Radhikajamwal,Cascade - Radisson Hyderabad Hitec City,2.0,0.690840593704878,1.0
Ragha Chaitanya,The Glass Onion,3.0,0.5710775432743023,1.0
Raghav,Biryanis And More,3.0,0.6528548543137658,1.0
Raghunatha Reddy Ontikommu,T Grill,1.0,0.690840593704878,1.0
Raghuram Kurella,The Fisherman's Wharf,2.0,0.690840593704878,1.0
Rahul Marpally,Mustang Terrace Lounge,3.0,0.690840593704878,1.0
Rahul Nayak,Amul,3.0,0.6516494316299958,1.0
Rahul Pandit,Chinese Pavilion,2.0,0.6667988252737063,1.0
Rahul Reddy Yerrama Reddy,Shanghai Chef 2,3.0,0.6686295881055473,1.0
Rahul Singhal,Dunkin' Donuts,0.0,0.6965232972987823,1.0
Rahul Talekar,Shanghai Chef 2,3.0,0.6686295881055473,1.0
Raisa Bhatia,Zing's Northeast Kitchen,3.0,0.589104634871197,1.0
Raj Kamal,Barbeque Nation,2.0,0.5762130003717065,1.0
Raj Patel,Absolute Sizzlers,0.0,0.6775783001449052,1.0
Raj Rajwar,Komatose - Holiday Inn Express & Suites,3.0,0.640614437198749,1.0
Rajaboinaprashanth333,Being Hungry,3.0,0.6616851218237727,1.0
Rajarshi Biswas,Club Rogue,2.0,0.6711815936978127,1.0
Rajendra Jena,Arena Eleven,0.0,0.5265569087787436,1.0
Rajesh Goud,Tandoori Food Works,3.0,0.6701156312323673,1.0
Rajeshkanna K,Al Saba Restaurant,0.0,0.6983768998383802,1.0
Raji Reddy,B-Dubs,3.0,0.6606865661078515,1.0
Rajinish Kumar,Mathura Vilas,2.0,0.5472283233959248,1.0
Raju Rj,Prism Club & Kitchen,0.0,0.690840593704878,1.0
Rajuvadla12,Green Bawarchi Restaurant,3.0,0.5580603101580421,1.0
Rakesh Korada,Khaan Saab,0.0,0.6711815936978127,1.0
Rakesh Reddy Tekulapally,The Indi Grill,3.0,0.5655730679623552,1.0
Raksha,Labonel,3.0,0.6762952971477463,1.0
Raksha Agnihotri,Shree Santosh Dhaba Family Restaurant,3.0,0.6273135438671067,1.0
Rakshitha Meghna D,Pista House,2.0,0.690840593704878,1.0
Ralston Gomes,American Wild Wings,3.0,0.6889869911652801,1.0
Ram Gopal,Olive Garden,0.0,0.690840593704878,1.0
Ram Palavalasa,AB's - Absolute Barbecues,3.0,0.5434738277516128,1.0
Ram Prakash Reddy,SKYHY,0.0,0.5977073244877575,1.0
Ram Reddy,Shah Ghouse Spl Shawarma,0.0,0.5956987135162898,1.0
Ram.bhattiprolu198305,Mathura Vilas,0.0,0.5472283233959248,1.0
Ramakrishna,Hotel Zara Hi-Fi,0.0,0.6369340419778651,1.0
Ramakrishna Reddy,AB's - Absolute Barbecues,3.0,0.5826577687487676,1.0
Ramanjaneyulu V,Kritunga Restaurant,3.0,0.690840593704878,1.0
RameshPriya,Squeeze @ The Lime,2.0,0.690840593704878,1.0
Rameshatmp,Kritunga Restaurant,3.0,0.690840593704878,1.0
Ramkesh Jhoorawat,The Glass Onion,0.0,0.5710775432743023,1.0
Ramki.ges,Arena Eleven,3.0,0.4955773287699757,1.0
Rams,Hyderabadi Daawat,2.0,0.5286165116525315,1.0
Ramyasree A,Hunger Maggi Point,0.0,0.6332838291676253,1.0
Rana,KS Bakers,2.0,0.6839913594247343,1.0
Ranjith Kumar Maturi,Shree Santosh Dhaba Family Restaurant,0.0,0.6400779598411108,1.0
Ranjith Kumar Somisetty,Aromas@11SIX,0.0,0.690840593704878,1.0
Ranodeep Sen,The Fisherman's Wharf,2.0,0.690840593704878,1.0
Rashique Bachu,B-Dubs,3.0,0.6606865661078515,1.0
Rathod Sangeetha,Paradise,3.0,0.656432870242823,1.0
Ravi Bajaj,Olive Garden,1.0,0.690840593704878,1.0
Ravi Shankar Gupta,Urban Asia - Kitchen & Bar,3.0,0.6943852978484143,1.0
Ravi Teja Reddy,The Indi Grill,3.0,0.5655730679623552,1.0
Ravikanth Laxmana,Pista House,1.0,0.690840593704878,1.0
Raviteja Mallozala,Prism Club & Kitchen,3.0,0.690840593704878,1.0
Rayhan Q,Tempteys,0.0,0.6762952971477463,1.0
Razeen,Beyond Flavours,3.0,0.6983768998383802,1.0
Razia,eat.fit,0.0,0.6287854877866885,1.0
Reddy Prasad,Biryanis And More,3.0,0.6528548543137658,1.0
Reshma,Cream Stone,3.0,0.5271461932339937,1.0
Reshma Baratam,The Tilt Bar Republic,1.0,0.5145321525940754,1.0
Reshma Reshma.rn,Olive Garden,0.0,0.690840593704878,1.0
Revanth Kasinavesi,Aromas@11SIX,1.0,0.690840593704878,1.0
Rey. 07,Eat India Company,3.0,0.6228438553321483,1.0
Richa Mundhra,Arena Eleven,1.0,0.5265569087787436,1.0
Rishank Gupta,Dine O China,0.0,0.6821312476382405,1.0
Rishi Bhatia,Shah Ghouse Hotel & Restaurant,2.0,0.6983768998383802,1.0
Rishikesh,Eat India Company,0.0,0.6339551941547628,1.0
Ritika Arora,Cream Stone,2.0,0.501726301717343,1.0
Ritika Shrivastava,Sardarji's Chaats & More,2.0,0.5154406269909558,1.0
Ritobrata Choudhury,Barbeque Nation,2.0,0.5762130003717065,1.0
Roger Dutt,Olive Garden,3.0,0.6533266829722938,1.0
Rohan Sahay,Dunkin' Donuts,2.0,0.6965232972987823,1.0
Rohit Kumar,PourHouse7,3.0,0.6554168480900494,1.0
Rohit Pareek,The Glass Onion,0.0,0.5710775432743023,1.0
Rohit Roy,Feast - Sheraton Hyderabad Hotel,3.0,0.5277285612747602,1.0
Rohitha Reddy,Udipi's Upahar,3.0,0.6701156312323673,1.0
Roma,Shanghai Chef 2,3.0,0.6686295881055473,1.0
Romy Mathew,Olive Garden,2.0,0.690840593704878,1.0
Roven Goutham Vanjari,Prism Club & Kitchen,3.0,0.690840593704878,1.0
Royal Juice Bar Snacks,Royal Spicy Restaurant,2.0,0.6711815936978127,1.0
Royalclass8,Biryanis And More,3.0,0.6528548543137658,1.0
Ruchi Tiwari,Over The Moon Brew Company,3.0,0.6983768998383802,1.0
Rudra Pratap Sing,Zega - Sheraton Hyderabad Hotel,3.0,0.6762952971477463,1.0
Rupesh,Paradise,3.0,0.6453215314202085,1.0
Rushikesh Reddy,Jonathan's Kitchen - Holiday Inn Express & Suites,0.0,0.6849532727771998,1.0
Ryan Cylo,Komatose - Holiday Inn Express & Suites,2.0,0.6517257760213635,1.0
S Muneer Hussain,Hyderabadi Daawat,3.0,0.5286165116525315,1.0
S Santhosh,Beyond Flavours,0.0,0.6983768998383802,1.0
SONALIKA,Diners Pavilion,0.0,0.5800506961727669,1.0
SWAPNIL SINGH,Desi Bytes,0.0,0.5833745588292916,1.0
Saaransh Kumar,Momos Delight,2.0,0.6607108711478651,1.0
Sachdevajyoti579,eat.fit,1.0,0.6287854877866885,1.0
Sachin Agarwal,Triptify,3.0,0.4809273107976632,1.0
Sachin Garg,Hunger Maggi Point,3.0,0.6332838291676253,1.0
Sachin Sherikar,The Tilt Bar Republic,0.0,0.5145321525940754,1.0
Sadiksharif,Al Saba Restaurant,0.0,0.6983768998383802,1.0
Sagar Netha,Eat India Company,3.0,0.6339551941547628,1.0
Saheb Mondal,GD's,2.0,0.6762952971477463,1.0
Sahil S,eat.fit,3.0,0.6287854877866885,1.0
Sahithi Sahi,Hyderabadi Daawat,0.0,0.5546441647938745,1.0
Sahul Kumar,Flechazo,3.0,0.690840593704878,1.0
Sai Dheeraj,Owm Nom Nom,3.0,0.690840593704878,1.0
Sai Harsha,Over The Moon Brew Company,3.0,0.6983768998383802,1.0
Sai Keerthi,Marsala Food Company,3.0,0.49949281777944116,1.0
Sai Manjush,Prism Club & Kitchen,3.0,0.690840593704878,1.0
Sai Nadh Reddy,Kritunga Restaurant,3.0,0.690840593704878,1.0
Sai Prasad Koneru,Barbeque Nation,3.0,0.6424085476756753,1.0
Sai Rahul,Arena Eleven,3.0,0.5191174985794289,1.0
Sai Sree,Club Rogue,2.0,0.6711815936978127,1.0
Sai Sujan,Domino's Pizza,0.0,0.6243158942735979,1.0
Saifuddin Adnan,Faasos,2.0,0.6695177399353939,1.0
Sailaja,Flechazo,3.0,0.690840593704878,1.0
"Sairam, Special Seniorita",PourHouse7,2.0,0.6554168480900494,1.0
Saisneha,American Wild Wings,3.0,0.6889869911652801,1.0
Saiteja Rafael,"3B's - Buddies, Bar & Barbecue",3.0,0.6568057053650351,1.0
Saiteja Reddy,Feast - Sheraton Hyderabad Hotel,0.0,0.5277285612747602,1.0
Saketh Goundagouni,Pot Pourri,2.0,0.6652274355540566,1.0
Sam Jain,Tempteys,3.0,0.6762952971477463,1.0
Sam Kumar,Domino's Pizza,3.0,0.5988960027569472,1.0
Sameer Singh,Beyond Flavours,2.0,0.6983768998383802,1.0
Sameera Sam,Pista House,3.0,0.690840593704878,1.0
Samiksha,Faasos,0.0,0.6575521766276967,1.0
Samita Mandal,Karachi Bakery,3.0,0.6839913594247343,1.0
Samrat Chakrabarti,Jonathan's Kitchen - Holiday Inn Express & Suites,3.0,0.6849532727771998,1.0
Samrat Chaudhuri,Chinese Pavilion,2.0,0.6667988252737063,1.0
Samrat Reddy,Karachi Bakery,2.0,0.6839913594247343,1.0
Samrat Samanta,Cream Stone,2.0,0.501726301717343,1.0
Sana Reddy,Hitech Bawarchi Food Zone,1.0,0.6378660196813397,1.0
Sandeep Das,Ulavacharu,2.0,0.639081795230511,1.0
Sandeep KRISHNA,Driven Cafe,1.0,0.6801659455420855,1.0
Sandeep Raja,The Tilt Bar Republic,1.0,0.5145321525940754,1.0
Sandesh Gowda,Owm Nom Nom,3.0,0.690840593704878,1.0
Sandhya S,Beyond Flavours,2.0,0.6983768998383802,1.0
Sangam Khera,Shree Santosh Dhaba Family Restaurant,0.0,0.6400779598411108,1.0
Sanjana Sridhar,Mazzo - Marriott Executive Apartments,1.0,0.6849532727771998,1.0
Sanjay Kumar,Karachi Cafe,2.0,0.6801659455420855,1.0
Sanjeev,The Indi Grill,3.0,0.5216806894726709,1.0
Sanjiv Ray Choudhury,Owm Nom Nom,0.0,0.690840593704878,1.0
Sanjukta Roy,The Foodie Monster Kitchen,2.0,0.6400594433267548,1.0
Sankati Prashanth,Hyderabad Chefs,3.0,0.658448452574858,1.0
Sankhadip Kumar,eat.fit,3.0,0.6287854877866885,1.0
Sannggita Gangte,Absolute Sizzlers,3.0,0.6775783001449052,1.0
Santhi,Desi Bytes,1.0,0.6006707009297656,1.0
Santhosh GR,SKYHY,2.0,0.5977073244877575,1.0
Santosh Pitla,Owm Nom Nom,0.0,0.690840593704878,1.0
Santosh Vadapally,T Grill,2.0,0.690840593704878,1.0
Sardar Bhagatsingh Peshoria,Shree Santosh Dhaba Family Restaurant,0.0,0.6400779598411108,1.0
Saroj Sahoo,Eat India Company,3.0,0.6339551941547628,1.0
Sarvani Prasad,Arena Eleven,3.0,0.4955773287699757,1.0
Sarvesh,Shah Ghouse Spl Shawarma,0.0,0.5956987135162898,1.0
Sasha,The Glass Onion,3.0,0.5567911348776522,1.0
Sateesh,Feast - Sheraton Hyderabad Hotel,3.0,0.5277285612747602,1.0
Sathish,Hotel Zara Hi-Fi,0.0,0.619637899877391,1.0
Sathish Kommu,Feast - Sheraton Hyderabad Hotel,3.0,0.5418229616435666,1.0
Sathish Kumar Akula,Mathura Vilas,0.0,0.5472283233959248,1.0
Sathiya Parvathi,Dine O China,3.0,0.6821312476382405,1.0
Satya Kalluri,The Glass Onion,3.0,0.5567911348776522,1.0
Satya Rama Varma Tamminidi,Mazzo - Marriott Executive Apartments,3.0,0.6849532727771998,1.0
Satyajit Mahapatra,Momos Delight,0.0,0.6607108711478651,1.0
Satyam Kumar,Hyper Local,3.0,0.6983768998383802,1.0
Satyam Pradeep,Domino's Pizza,3.0,0.6243158942735979,1.0
Satyanarayan Panda,Hitech Bawarchi Food Zone,3.0,0.6187577386244729,1.0
Satyendra.singh0308,La La Land - Bar & Kitchen,3.0,0.5409720814597914,1.0
Saubhik Bandopadhyay,Mohammedia Shawarma,0.0,0.5063599185276095,1.0
Sayan Gupta,Domino's Pizza,3.0,0.6243158942735979,1.0
Sayantan Banerjee,KS Bakers,3.0,0.6839913594247343,1.0
Sayar Ghosh Roy,GD's,3.0,0.6762952971477463,1.0
Sayon Mukherjee,Hotel Zara Hi-Fi,0.0,0.6071918853388985,1.0
Seba Mukherjee,Zega - Sheraton Hyderabad Hotel,3.0,0.6762952971477463,1.0
Seenu Takkan,"3B's - Buddies, Bar & Barbecue",3.0,0.6568057053650351,1.0
Sekhar Kavuru,Over The Moon Brew Company,3.0,0.6983768998383802,1.0
Shagoon Gurtata,Behrouz Biryani,0.0,0.6666594545111075,1.0
Shahbaz Alam,Hotel Zara Hi-Fi,0.0,0.619637899877391,1.0
Shahrukh Hasan,Prism Club & Kitchen,0.0,0.690840593704878,1.0
Shaik Ilyas,PourHouse7,3.0,0.6554168480900494,1.0
Shaik Mujahid Dadapeer,Shah Ghouse Spl Shawarma,3.0,0.6024926419555428,1.0
Shaik Nazeem,Kritunga Restaurant,3.0,0.690840593704878,1.0
Shailendra,Delhi-39,3.0,0.5292513223199922,1.0
Shakti Kumar Sasanapuri,Udipi's Upahar,0.0,0.6701156312323673,1.0
Shalini Sarkar,The Old Madras Baking Company,2.0,0.6527655686532544,1.0
Sharukh Khan,SKYHY,0.0,0.5977073244877575,1.0
Shashank Kale,Khaan Saab,0.0,0.6711815936978127,1.0
Shashi Kumar,Dine O China,2.0,0.6821312476382405,1.0
Shashi Nath,Hotel Zara Hi-Fi,3.0,0.6071918853388985,1.0
Shashi Prasad,Delhi-39,0.0,0.5760888721559887,1.0
Shashwat Priyadarshi,Aromas@11SIX,3.0,0.690840593704878,1.0
Shibu Singh,The Lal Street - Bar Exchange,2.0,0.49144556201209566,1.0
Shikha Jain,Mathura Vilas,3.0,0.4603338467411604,1.0
Shiladitya Chaudhury,Chinese Pavilion,0.0,0.6667988252737063,1.0
ShilpA,Zega - Sheraton Hyderabad Hotel,3.0,0.6762952971477463,1.0
Shilpa Jain,Flechazo,3.0,0.6533266829722938,1.0
Shiva Kumar Chary,Shah Ghouse Hotel & Restaurant,3.0,0.6983768998383802,1.0
Shiva Mysore,T Grill,2.0,0.690840593704878,1.0
Shiva Ram,T Grill,1.0,0.690840593704878,1.0
Shiva Sagar,Hitech Bawarchi Food Zone,0.0,0.6378660196813397,1.0
Shiva Shankar Naik,B-Dubs,3.0,0.6606865661078515,1.0
Shiva Varma,Cafe Eclat,2.0,0.6762952971477463,1.0
Shivam Dhamija,Triptify,3.0,0.616410726266881,1.0
Shivanand K,Amul,1.0,0.6516494316299958,1.0
Shivani,Owm Nom Nom,3.0,0.690840593704878,1.0
Shivani Balmuri,The Fisherman's Wharf,0.0,0.690840593704878,1.0
Shivani Gupta,Cafe Eclat,0.0,0.6762952971477463,1.0
Shobhit Pandey,"3B's - Buddies, Bar & Barbecue",3.0,0.6568057053650351,1.0
Shoeb,Mohammedia Shawarma,3.0,0.6004833857709395,1.0
Shouvik Acharyya,Urban Asia - Kitchen & Bar,0.0,0.6943852978484143,1.0
Shravani Reddy,La La Land - Bar & Kitchen,0.0,0.6517257760213635,1.0
Shravanrajreddy36,B-Dubs,3.0,0.6606865661078515,1.0
Shravni JS,Kritunga Restaurant,2.0,0.6533266829722938,1.0
Shrestha Gupta,Gal Punjab Di,1.0,0.5797236734436331,1.0
Shruthi Y.N,Banana Leaf Multicuisine Restaurant,2.0,0.6983768998383802,1.0
Shubham Shrivastava,The Tilt Bar Republic,3.0,0.5145321525940754,1.0
Shubham Shukla,Diners Pavilion,0.0,0.5800506961727669,1.0
Shubhamjuneja41,Shanghai Chef 2,2.0,0.6686295881055473,1.0
Shubhi,Delhi-39,2.0,0.5965297285983506,1.0
Shyam Jampala,Flechazo,0.0,0.690840593704878,1.0
Siddhanth Sharma,Faasos,0.0,0.6575521766276967,1.0
Siddharth Boddupalli,T Grill,2.0,0.690840593704878,1.0
Siddharth Gopalam,Tiki Shack,0.0,0.47837012043296295,1.0
Siddharth Kushwaha,Asian Meal Box,2.0,0.46285978620150536,1.0
Siddharth Singh Gaur,Komatose - Holiday Inn Express & Suites,2.0,0.6517257760213635,1.0
Siddhartha Krishna,Urban Asia - Kitchen & Bar,3.0,0.6943852978484143,1.0
Sidharth Palai,Momos Delight,3.0,0.6607108711478651,1.0
Silpa Acharya,Hyderabadi Daawat,0.0,0.5286165116525315,1.0
Simran Bhat,Mathura Vilas,0.0,0.5472283233959248,1.0
Simran Swain,Karachi Cafe,3.0,0.6801659455420855,1.0
Sindhu Dimple,"3B's - Buddies, Bar & Barbecue",0.0,0.6568057053650351,1.0
Singhkanika.singh010,Cascade - Radisson Hyderabad Hitec City,3.0,0.690840593704878,1.0
Siri Srilu,Royal Spicy Restaurant,3.0,0.6711815936978127,1.0
Sk Saleem,Paradise,3.0,0.656432870242823,1.0
Skabdulyounus9,B-Dubs,3.0,0.6606865661078515,1.0
Sneha Chinni,Asian Meal Box,0.0,0.46285978620150536,1.0
Sneha Munigela,Beyond Flavours,2.0,0.6983768998383802,1.0
Sneha Panda,PourHouse7,3.0,0.6554168480900494,1.0
Snehal Mahajan,Dunkin' Donuts,0.0,0.6965232972987823,1.0
Snehasish Behera,La La Land - Bar & Kitchen,2.0,0.6517257760213635,1.0
Sogathur Balaji,Mustang Terrace Lounge,0.0,0.690840593704878,1.0
Soham Chakravarty,Cascade - Radisson Hyderabad Hitec City,2.0,0.690840593704878,1.0
Soham Sthitaprajna,Owm Nom Nom,0.0,0.690840593704878,1.0
Sohan,Diners Pavilion,3.0,0.5800506961727669,1.0
Sohan Reddy,Zega - Sheraton Hyderabad Hotel,3.0,0.6762952971477463,1.0
Sohini Chakraborty,Absolute Sizzlers,0.0,0.6775783001449052,1.0
Solmon Chris,Yum Yum Tree - The Arabian Food Court,2.0,0.6711815936978127,1.0
Sombabu P,Tandoori Food Works,2.0,0.6701156312323673,1.0
Somnath,Zing's Northeast Kitchen,1.0,0.589104634871197,1.0
Somnath Dash,Jonathan's Kitchen - Holiday Inn Express & Suites,3.0,0.6849532727771998,1.0
Sonal Ambani,Mazzo - Marriott Executive Apartments,2.0,0.6849532727771998,1.0
Sonali Rakesh,Cascade - Radisson Hyderabad Hitec City,3.0,0.6533266829722938,1.0
Sonu Anand,Hyper Local,0.0,0.6983768998383802,1.0
Soudip Paul,Tempteys,1.0,0.6762952971477463,1.0
Soumodip Pal,Hyper Local,2.0,0.6983768998383802,1.0
Soumya Sahoo,Delhi-39,3.0,0.5292513223199922,1.0
Soumyajeet Bharadwaj,The Fisherman's Wharf,3.0,0.690840593704878,1.0
Sourav,Tiki Shack,1.0,0.47837012043296295,1.0
Sourin Sharrawy,B-Dubs,3.0,0.6606865661078515,1.0
Sourya Satabdi,Shanghai Chef 2,1.0,0.6686295881055473,1.0
Souvik Banerjee,Mohammedia Shawarma,3.0,0.6004833857709395,1.0
Sowmya Valentina,Cream Stone,0.0,0.5271461932339937,1.0
Spandangupta16,Yum Yum Tree - The Arabian Food Court,3.0,0.617822697460199,1.0
Sravani Teja Perubotla,Royal Spicy Restaurant,0.0,0.6711815936978127,1.0
Sree Vatsava,KS Bakers,3.0,0.6839913594247343,1.0
Sreenadha Bezawada,Frio Bistro,1.0,0.67493251482928,1.0
Sri Charan,Amul,2.0,0.6262295401133451,1.0
Sribhargava Sai Chowdary,"3B's - Buddies, Bar & Barbecue",3.0,0.6568057053650351,1.0
Sridhar S,Banana Leaf Multicuisine Restaurant,3.0,0.6983768998383802,1.0
Srikanth Gupta,Biryanis And More,2.0,0.6528548543137658,1.0
Srikanth Srimanthudu,Hyderabad Chefs,0.0,0.658448452574858,1.0
Srinivas Aluri,Hyderabad Chefs,3.0,0.658448452574858,1.0
Srinivas Atreya,Eat India Company,0.0,0.6339551941547628,1.0
Srinivas Lanka,American Wild Wings,3.0,0.6889869911652801,1.0
Srinivas Reddy,Hyderabadi Daawat,0.0,0.5286165116525315,1.0
Srinivas Varma,The Fisherman's Wharf,2.0,0.690840593704878,1.0
Srinjoy Roy,Zing's Northeast Kitchen,3.0,0.589104634871197,1.0
Srinu Jangam,Tempteys,1.0,0.6762952971477463,1.0
Sriram Jv,Yum Yum Tree - The Arabian Food Court,0.0,0.6711815936978127,1.0
Srishti Bhardwaj,Faasos,0.0,0.6575521766276967,1.0
Sssgowtham061,Hunger Maggi Point,0.0,0.6332838291676253,1.0
Steve Rogers,Khaan Saab,1.0,0.6711815936978127,1.0
StomachFull/Fool,The Fisherman's Wharf,1.0,0.690840593704878,1.0
Stuti Maji,The Foodie Monster Kitchen,0.0,0.6400594433267548,1.0
Subash Reddy,Hunger Maggi Point,0.0,0.6332838291676253,1.0
Subbu Subbarao,The Indi Grill,3.0,0.5655730679623552,1.0
Subhani,Yum Yum Tree - The Arabian Food Court,0.0,0.6711815936978127,1.0
Subhash Chandra,Labonel,2.0,0.6762952971477463,1.0
Subhash Shahu,Diners Pavilion,0.0,0.5800506961727669,1.0
Subhransu Mohapatra,KFC,0.0,0.6515442173018388,1.0
Subro.matt,Club Rogue,0.0,0.6711815936978127,1.0
Sudeep Pattanayak,"3B's - Buddies, Bar & Barbecue",3.0,0.6568057053650351,1.0
Sudeep Sodani,Labonel,3.0,0.6762952971477463,1.0
Sudeepta Ghadei,Tempteys,2.0,0.6762952971477463,1.0
Sudha Chittamula,Aromas@11SIX,0.0,0.690840593704878,1.0
Sudhashree Pattnayak,Tempteys,3.0,0.6762952971477463,1.0
Sudhindra87,Biryanis And More,2.0,0.6528548543137658,1.0
Sudip Mukherjee,Komatose - Holiday Inn Express & Suites,0.0,0.6517257760213635,1.0
Suhani Bhasin,The Foodie Monster Kitchen,1.0,0.6400594433267548,1.0
Sujan Disambiguative Manna,Hotel Zara Hi-Fi,0.0,0.619637899877391,1.0
Sujay Garg,Chinese Pavilion,3.0,0.6667988252737063,1.0
Sukhpreet Singh,The Lal Street - Bar Exchange,3.0,0.4750250049738018,1.0
Suman Basak,Triptify,0.0,0.5780590535567539,1.0
Sumeet,Shree Santosh Dhaba Family Restaurant,1.0,0.6400779598411108,1.0
Sumit Kumar Singh,Absolute Sizzlers,2.0,0.6775783001449052,1.0
Sumit Singh,Paradise,2.0,0.6436764484353297,1.0
Sumon Dey,B-Dubs,2.0,0.6606865661078515,1.0
Sunand Das,Feast - Sheraton Hyderabad Hotel,3.0,0.5277285612747602,1.0
Sunanda,Olive Garden,3.0,0.690840593704878,1.0
Sunil.bollineni,Beyond Flavours,3.0,0.6983768998383802,1.0
Sunita Ronald,Udipi's Upahar,3.0,0.6701156312323673,1.0
Sunitha Gowd Tulluri,Desi Bytes,3.0,0.48819915239017964,1.0
Sunny Bhargava,Cream Stone,0.0,0.5271461932339937,1.0
Supraja Bingimalla,Shree Santosh Dhaba Family Restaurant,0.0,0.6400779598411108,1.0
Supravat Nath,Khaan Saab,2.0,0.6711815936978127,1.0
Supriya Chowdary,Urban Asia - Kitchen & Bar,3.0,0.6943852978484143,1.0
Supriya Subudhi,Labonel,2.0,0.6762952971477463,1.0
Suraj Ram,Dunkin' Donuts,1.0,0.6965232972987823,1.0
Surekha Inti,Olive Garden,3.0,0.690840593704878,1.0
Suresh Reddy L,Shah Ghouse Spl Shawarma,0.0,0.5956987135162898,1.0
Suru Pandey,Royal Spicy Restaurant,3.0,0.6711815936978127,1.0
Surya G,The Glass Onion,2.0,0.5710775432743023,1.0
Suryakanta Samal,Royal Spicy Restaurant,3.0,0.6711815936978127,1.0
Susanta Sutar,Royal Spicy Restaurant,3.0,0.6711815936978127,1.0
Sushant Negi,Mustang Terrace Lounge,2.0,0.690840593704878,1.0
Sushma Kota,Cream Stone,0.0,0.5271461932339937,1.0
Sushmithagali14,The Tilt Bar Republic,3.0,0.5145321525940754,1.0
Sushumna Rao,Mazzo - Marriott Executive Apartments,3.0,0.6849532727771998,1.0
Suvam Mohanty,Frio Bistro,3.0,0.67493251482928,1.0
Swagata Roy,The Old Madras Baking Company,3.0,0.6527655686532544,1.0
Swagatam Ghosh,Green Bawarchi Restaurant,3.0,0.5580603101580421,1.0
Swapna Reddy,Biryanis And More,3.0,0.6528548543137658,1.0
Swapnil Ramesh,PourHouse7,3.0,0.6554168480900494,1.0
Swarooparani Gali,Barbeque Nation,2.0,0.565101661549092,1.0
Swathi Siri,Cream Stone,3.0,0.501726301717343,1.0
Swati,Collage - Hyatt Hyderabad Gachibowli,2.0,0.6412021244638982,1.0
Sweta,Labonel,3.0,0.6762952971477463,1.0
Syed Ammar Ali,"3B's - Buddies, Bar & Barbecue",3.0,0.6568057053650351,1.0
Syed Ishaq,13 Dhaba,3.0,0.5673125240445848,1.0
Syed Mohd Fahad,Hyderabadi Daawat,3.0,0.5286165116525315,1.0
Syed Mohsin,Al Saba Restaurant,1.0,0.6983768998383802,1.0
Syed Nazaf,Shah Ghouse Spl Shawarma,0.0,0.5956987135162898,1.0
T Praveen Kumar,Squeeze @ The Lime,2.0,0.690840593704878,1.0
TASTE With Saurabh,Shah Ghouse Hotel & Restaurant,3.0,0.6983768998383802,1.0
Tadi Rama Chandra Reddy,AB's - Absolute Barbecues,3.0,0.5826577687487676,1.0
Taj Hosen,Olive Garden,3.0,0.6533266829722938,1.0
Tamanna,Cafe Eclat,1.0,0.6762952971477463,1.0
Tanmayi Mohan,Zing's Northeast Kitchen,1.0,0.589104634871197,1.0
Tanvi S,The Tilt Bar Republic,3.0,0.505595309557694,1.0
Tanya Karanjai,Arena Eleven,2.0,0.5226485190744311,1.0
Tanya.pandove,Khaan Saab,3.0,0.6711815936978127,1.0
Tarun Garg,Mustang Terrace Lounge,3.0,0.690840593704878,1.0
Tarun Nayak,SKYHY,3.0,0.586595985665143,1.0
Tarun.pittu18,Hunger Maggi Point,3.0,0.6332838291676253,1.0
Tejas Salave,Desi Bytes,0.0,0.5833745588292916,1.0
Tejaswi Rao,Beyond Flavours,0.0,0.6983768998383802,1.0
Teju Winni,Flechazo,3.0,0.690840593704878,1.0
Thanoj Katepally,T Grill,0.0,0.690840593704878,1.0
Tharshith Gandi,Delhi-39,0.0,0.5760888721559887,1.0
Thati Deepshikha,Behrouz Biryani,3.0,0.6630576315805622,1.0
The Status Maker,Mohammedia Shawarma,3.0,0.5557165414499425,1.0
Thirumalesh K,Udipi's Upahar,2.0,0.6701156312323673,1.0
Trendy Foodie,KS Bakers,1.0,0.6839913594247343,1.0
Tushar Ghai,Over The Moon Brew Company,3.0,0.6983768998383802,1.0
Tushar Jain,Desi Bytes,3.0,0.48819915239017964,1.0
Two Hungry Monsters,10 Downing Street,2.0,0.6664652040395251,1.0
Uday Shankar,Labonel,0.0,0.6762952971477463,1.0
Uday Teja,Hunger Maggi Point,0.0,0.6332838291676253,1.0
Ujwala Dindi,Club Rogue,2.0,0.6711815936978127,1.0
Urmila Pawar,Ulavacharu,0.0,0.6501931340531253,1.0
Ursnayana,Banana Leaf Multicuisine Restaurant,0.0,0.690840593704878,1.0
VENKAT,Desi Bytes,0.0,0.6006707009297656,1.0
VINAY KARAN REDDY NARRA,"3B's - Buddies, Bar & Barbecue",3.0,0.6568057053650351,1.0
Vadani Mail,Marsala Food Company,3.0,0.5134437738266953,1.0
Vaibhav Bajaj,Khaan Saab,3.0,0.6711815936978127,1.0
Vaibhav Mehta,Tandoori Food Works,2.0,0.6701156312323673,1.0
Vamshi Kishore,Flechazo,3.0,0.690840593704878,1.0
Vandana,Mazzo - Marriott Executive Apartments,3.0,0.6849532727771998,1.0
Vandit Kumar,The Tilt Bar Republic,1.0,0.5145321525940754,1.0
Varallika Mehta,Behrouz Biryani,3.0,0.6630576315805622,1.0
Varun Chandrasekharan,Hyper Local,0.0,0.6983768998383802,1.0
Varun Khanna,Chinese Pavilion,2.0,0.6667988252737063,1.0
Varun Nischal,B-Dubs,3.0,0.6606865661078515,1.0
Varun P,Zing's Northeast Kitchen,3.0,0.589104634871197,1.0
Vasanth Kalyan,Ulavacharu,0.0,0.6501931340531253,1.0
Vashishth Jhunjhunwala,Delhi-39,1.0,0.5760888721559887,1.0
Vasu Deva Reddy,La La Land - Bar & Kitchen,0.0,0.6517257760213635,1.0
Vasudev Singh,Zing's Northeast Kitchen,1.0,0.589104634871197,1.0
Vattikoti Abbaiah,Absolute Sizzlers,3.0,0.6775783001449052,1.0
Veda,T Grill,3.0,0.690840593704878,1.0
Vedaprakash Y,Flechazo,3.0,0.690840593704878,1.0
Veera Bujii,Desi Bytes,0.0,0.5833745588292916,1.0
Veera Raghavan,Squeeze @ The Lime,0.0,0.690840593704878,1.0
Vellala Pavan Kumar Pavankumar,Paradise,3.0,0.656432870242823,1.0
Venkat Katta,Hyderabadi Daawat,2.0,0.5546441647938745,1.0
Venkat Sainath Rameswarapu,Cream Stone,2.0,0.5271461932339937,1.0
Venkata Sai,Owm Nom Nom,0.0,0.690840593704878,1.0
Venkatesh C,The Chocolate Room,0.0,0.6666594545111075,1.0
Venkatesh OD,Collage - Hyatt Hyderabad Gachibowli,0.0,0.6412021244638982,1.0
Venkatesh Pattapu,Diners Pavilion,3.0,0.5735446035734564,1.0
Venky Pawar,Kritunga Restaurant,0.0,0.690840593704878,1.0
Venky Vadapally,Al Saba Restaurant,2.0,0.6983768998383802,1.0
Venkyvasu9492,Green Bawarchi Restaurant,0.0,0.5859306827105875,1.0
Vibha Rani,Gal Punjab Di,0.0,0.5797236734436331,1.0
Vidyadhari Muppala,KFC,0.0,0.6515442173018388,1.0
Vignan Raj,KFC,3.0,0.6479423943712934,1.0
Vignesh,Green Bawarchi Restaurant,3.0,0.5859306827105875,1.0
Vijay Chandra,Urban Asia - Kitchen & Bar,0.0,0.6943852978484143,1.0
Vijay G,Absolute Sizzlers,3.0,0.6775783001449052,1.0
Vijay Karthik,Mathura Vilas,1.0,0.5472283233959248,1.0
Vijay Pajjuru,Being Hungry,3.0,0.6616851218237727,1.0
Vijji,Delhi-39,3.0,0.5703893948899292,1.0
Vikas Polisetty,KS Bakers,1.0,0.6839913594247343,1.0
Vikas Shastrula,Being Hungry,3.0,0.6616851218237727,1.0
Vikash Kumar Verma,Hotel Zara Hi-Fi,0.0,0.619637899877391,1.0
Vikash Patel,Hyderabad Chefs,3.0,0.658448452574858,1.0
Vikram,Hyderabad Chefs,0.0,0.658448452574858,1.0
Vinay Aitha,Banana Leaf Multicuisine Restaurant,2.0,0.6983768998383802,1.0
Vinay Aleti A,KS Bakers,2.0,0.6839913594247343,1.0
Vinaya Chekuri,Mazzo - Marriott Executive Apartments,2.0,0.6849532727771998,1.0
Vineet Chanchal,KFC,1.0,0.6515442173018388,1.0
Vinya Reddy,Mazzo - Marriott Executive Apartments,3.0,0.6849532727771998,1.0
Vipula,Hitech Bawarchi Food Zone,0.0,0.6378660196813397,1.0
Viru Abhilash Krishna,Komatose - Holiday Inn Express & Suites,2.0,0.6517257760213635,1.0
Vishal,The Glass Onion,3.0,0.5710775432743023,1.0
Vishal Anand,AB's - Absolute Barbecues,3.0,0.5434738277516128,1.0
Vishal Kurapati,Owm Nom Nom,0.0,0.690840593704878,1.0
Vishal Trivedi,Eat India Company,0.0,0.6339551941547628,1.0
Vishesh Raj,Cascade - Radisson Hyderabad Hitec City,3.0,0.690840593704878,1.0
Vishnu Prasad,Mohammedia Shawarma,0.0,0.5063599185276095,1.0
Vishnu Vardan,Behrouz Biryani,0.0,0.6666594545111075,1.0
Viswa Teja,The Chocolate Room,0.0,0.6666594545111075,1.0
Viswanadha Raju,Hyderabadi Daawat,3.0,0.5546441647938745,1.0
Vivek Chandramohan,Deli 9 Bistro,2.0,0.6775783001449052,1.0
Vivek Menon,La La Land - Bar & Kitchen,1.0,0.6517257760213635,1.0
Vivek Reddy,Green Bawarchi Restaurant,0.0,0.5859306827105875,1.0
Vollala Srinivas,Desi Bytes,3.0,0.48819915239017964,1.0
Vuyyuru Surendra,Behrouz Biryani,0.0,0.6666594545111075,1.0
Vysakh Krishnakumar,The Tilt Bar Republic,0.0,0.5145321525940754,1.0
Wasim Raja Khan,Behrouz Biryani,3.0,0.6630576315805622,1.0
Whitey Raj,Hotel Zara Hi-Fi,3.0,0.6071918853388985,1.0
Yagnahaun Jonnadula,Cream Stone,3.0,0.501726301717343,1.0
Yasaswi Kaza,Triptify,0.0,0.5780590535567539,1.0
Yash Vardhan,Triptify,3.0,0.616410726266881,1.0
Yashasvi Rao,Sardarji's Chaats & More,0.0,0.5481023071009943,1.0
Yashwanth,Pot Pourri,2.0,0.6541160967314423,1.0
Yashwanth Aluru,Udipi's Upahar,2.0,0.6701156312323673,1.0
Yashwanth Kanuru,Mathura Vilas,2.0,0.5472283233959248,1.0
Yashwanth Kota,Urban Asia - Kitchen & Bar,2.0,0.6943852978484143,1.0
Yaswanth Atyam,Hyper Local,1.0,0.6983768998383802,1.0
Yedlapalli Lavanya,Green Bawarchi Restaurant,3.0,0.5580603101580421,1.0
Yogesh Tiwari,Desi Bytes,3.0,0.48819915239017964,1.0
Yogyatha Veluru,GD's,3.0,0.6762952971477463,1.0
Yukta Matlapurkar,Paradise,2.0,0.6436764484353297,1.0
Zainab AliKhan,Driven Cafe,3.0,0.6801659455420855,1.0
Zakir Hussain,Pakwaan Grand,0.0,0.6088920713098234,1.0
^beingRAJAT,Urban Asia - Kitchen & Bar,1.0,0.6943852978484143,1.0
Ñ Tam Saikumar,Arena Eleven,3.0,0.5191174985794289,1.0
Ʀʌtʜoʀ Sɩŋʛʜ RT,Absolute Sizzlers,3.0,0.6775783001449052,1.0
మహారాజ్ కిషోర్,Aromas@11SIX,0.0,0.690840593704878,1.0
విజయ్ కుమార్ తెజవత్,Hyderabad Chefs,3.0,0.658448452574858,1.0
ಅಭಿಷೇಕ್ ಉಪಾಧ್ಯ,Squeeze @ The Lime,2.0,0.690840593704878,1.0
